name,address,website,source_url,extracted_date
:iidrr Gallery,162 Allen Street,http://iidrr.com,https://artguide.artforum.com/artguide/place/new-york?category=galleries&show=all,2026-08-07
14BC Gallery,626 East 14th Street,http://14bcgallery.org,https://artguide.artforum.com/artguide/place/new-york?category=galleries&show=all,2026-08-07
15 Orient,"72 Walker Street, 3rd Floor",http://15orient.com,https://artguide.artforum.com/artguide/place/new-york?category=galleries&show=all,2026-08-07
1969 Gallery,184 East 2nd Street,http://1969gallery.com,https://artguide.artforum.com/artguide/place/new-york?category=galleries&show=all,2026-08-07
205 Hudson Gallery | Hunter College (CUNY),205 Hudson Street,http://205hudsongallery.org,https://artguide.artforum.com/artguide/place/new-york?category=galleries&show=all,2026-08-07
3A Gallery,"179 Canal Street, #5A",http://3agallery.com,https://artguide.artforum.com/artguide/place/new-york?category=galleries&show=all,2026-08-07
41 Cooper Gallery | The Cooper Union,41 Cooper Square,http://cooper.edu/about/galleries-auditoriums/41-cooper-gallery,https://artguide.artforum.com/artguide/place/new-york?category=galleries&show=all,2026-08-07
47 Canal,529 West 20th Street,http://47canal.us,https://artguide.artforum.com/artguide/place/new-york?category=galleries&show=all,2026-08-07
490 Atlantic,490 Atlantic Avenue,http://490atlantic.com,https://artguide.artforum.com/artguide/place/new-york?category=galleries&show=all,2026-08-07
5-50 Gallery,5-50 51st Avenue,http://5-50gallery.com,https://artguide.artforum.com/artguide/place/new-york?category=galleries&show=all,2026-08-07
56 Henry | 105 Henry Street,105 Henry Street,http://56henry.nyc,https://artguide.artforum.com/artguide/place/new-york?category=galleries&show=all,2026-08-07
56 Henry | 56 Henry Street,56 Henry Street,http://56henry.nyc,https://artguide.artforum.com/artguide/place/new-york?category=galleries&show=all,2026-08-07
57W57 ARTS,"501 Fifth Avenue, Suite #701",http://57w57arts.com,https://artguide.artforum.com/artguide/place/new-york?category=galleries&show=all,2026-08-07
71 Contemporary,30 East 71st Street,http://71c.co,https://artguide.artforum.com/artguide/place/new-york?category=galleries&show=all,2026-08-07
95 Gallon Gallery,297 Grand Street,http://95gallon.com,https://artguide.artforum.com/artguide/place/new-york?category=galleries&show=all,2026-08-07
99CANAL,"99 Canal Street, 6th Fl.",http://99canal.net,https://artguide.artforum.com/artguide/place/new-york?category=galleries&show=all,2026-08-07
A365,"365 Canal Street, #5B",http://jag-projects.com,https://artguide.artforum.com/artguide/place/new-york?category=galleries&show=all,2026-08-07
ABRI MARS,53a Stanton Street,http://abrimars.com,https://artguide.artforum.com/artguide/place/new-york?category=galleries&show=all,2026-08-07
Abrons Arts Center,466 Grand Street,http://abronsartscenter.org,https://artguide.artforum.com/artguide/place/new-york?category=galleries&show=all,2026-08-07
Accent Sisters,"89 5th Avenue, Suite 702",http://accentaccent.com,https://artguide.artforum.com/artguide/place/new-york?category=galleries&show=all,2026-08-07
Acquavella Galleries,18 East 79th Street,http://acquavellagalleries.com,https://artguide.artforum.com/artguide/place/new-york?category=galleries&show=all,2026-08-07
Adelson Galleries | New York,"595 Madison Avenue, 4th Floor, The Fuller Building",http://adelsongalleries.com,https://artguide.artforum.com/artguide/place/new-york?category=galleries&show=all,2026-08-07
Adler Beatty,34 East 69th Street,http://adlerbeatty.com,https://artguide.artforum.com/artguide/place/new-york?category=galleries&show=all,2026-08-07
Affirmation Arts,"415 West 13th Street, 8th Fl.",http://www.affirmationarts.com,https://artguide.artforum.com/artguide/place/new-york?category=galleries&show=all,2026-08-07
Aguirre,49 Walker Street,http://aguirree.com,https://artguide.artforum.com/artguide/place/new-york?category=galleries&show=all,2026-08-07
AHL Foundation,"2605 Frederick Douglass Blvd, #C1",http://ahlfoundation.org,https://artguide.artforum.com/artguide/place/new-york?category=galleries&show=all,2026-08-07
Aicon Art,35 Great Jones Street,http://aicon.art,https://artguide.artforum.com/artguide/place/new-york?category=galleries&show=all,2026-08-07
AILSA,"Bed-Stuy, DM for address",http://ailsa-ny.com,https://artguide.artforum.com/artguide/place/new-york?category=galleries&show=all,2026-08-07
Alessandro Berni Gallery,511 West 25th Street,http://alessandrobernigallery.com,https://artguide.artforum.com/artguide/place/new-york?category=galleries&show=all,2026-08-07
Alexander Gray Associates,384 Broadway,http://alexandergray.com,https://artguide.artforum.com/artguide/place/new-york?category=galleries&show=all,2026-08-07
Alexandre Gallery,25 East 73rd Street,http://alexandregallery.com,https://artguide.artforum.com/artguide/place/new-york?category=galleries&show=all,2026-08-07
Alisan Fine Arts | New York,120 East 65th Street,http://alisan.com.hk/en,https://artguide.artforum.com/artguide/place/new-york?category=galleries&show=all,2026-08-07
Alison Bradley Projects,"526 West 26th Street, Suite 814",http://alisonbradleyprojects.com,https://artguide.artforum.com/artguide/place/new-york?category=galleries&show=all,2026-08-07
All Street Gallery | Third Street,77 East Third Street,http://allstnyc.com,https://artguide.artforum.com/artguide/place/new-york?category=galleries&show=all,2026-08-07
Allen Street Gallery,65 Allen Street,http://allenstreetgallery.com,https://artguide.artforum.com/artguide/place/new-york?category=galleries&show=all,2026-08-07
Allouche Gallery,77 Mercer Street,http://allouchegallery.com,https://artguide.artforum.com/artguide/place/new-york?category=galleries&show=all,2026-08-07
Alyssa Davis Gallery,"28 Warren St, 4th Floor",http://alyssadavis.gallery,https://artguide.artforum.com/artguide/place/new-york?category=galleries&show=all,2026-08-07
American Art Catalogues,239 West 4th Street,http://americanartcatalogues.com,https://artguide.artforum.com/artguide/place/new-york?category=galleries&show=all,2026-08-07
Americas Society,680 Park Avenue,http://as-coa.org/visual-arts,https://artguide.artforum.com/artguide/place/new-york?category=galleries&show=all,2026-08-07
Amsterdam Whitney Gallery,210 11th Avenue,http://amsterdamwhitneygallery.com,https://artguide.artforum.com/artguide/place/new-york?category=galleries&show=all,2026-08-07
Anders Wahlstedt Fine Art,"526 West 26th Street, Chelsea Art Building, Suite #508",http://wahlstedtart.com,https://artguide.artforum.com/artguide/place/new-york?category=galleries&show=all,2026-08-07
Andrew Kreps | 55 Walker,55 Walker Street,http://andrewkreps.com,https://artguide.artforum.com/artguide/place/new-york?category=galleries&show=all,2026-08-07
Andrew Reed Gallery | New York,35 Lispenard Street,http://andrewreedgallery.com,https://artguide.artforum.com/artguide/place/new-york?category=galleries&show=all,2026-08-07
ANOTHER SPACE,Chelsea,http://anotherspace.org,https://artguide.artforum.com/artguide/place/new-york?category=galleries&show=all,2026-08-07
Anthology Film Archives,32 Second Avenue,http://anthologyfilmarchives.org,https://artguide.artforum.com/artguide/place/new-york?category=galleries&show=all,2026-08-07
Anya and Andrew Shiva Gallery | John Jay College of Criminal Justice (CUNY),"860 11th Ave, John Jay College of Criminal Justice",http://shivagallery.org,https://artguide.artforum.com/artguide/place/new-york?category=galleries&show=all,2026-08-07
Apartment Gallery,580 Woodward Avenue,http://instagram.com/ridgewood_apartmentgallery,https://artguide.artforum.com/artguide/place/new-york?category=galleries&show=all,2026-08-07
aperture,"548 West 28th Street, 4th Floor",http://aperture.org,https://artguide.artforum.com/artguide/place/new-york?category=galleries&show=all,2026-08-07
Art Gallery Studio 41,"27-15 41st Avenue, 1st Floor",http://studio41lic.com,https://artguide.artforum.com/artguide/place/new-york?category=galleries&show=all,2026-08-07
Art Gotham | East Village,4 Saint Mark's Place,http://artgotham.com,https://artguide.artforum.com/artguide/place/new-york?category=galleries&show=all,2026-08-07
Art Lot,206 Columbia Street,http://artlotbrooklyn.com,https://artguide.artforum.com/artguide/place/new-york?category=galleries&show=all,2026-08-07
Art Projects International,"434 Greenwich Street, Ground Floor",http://artprojects.com,https://artguide.artforum.com/artguide/place/new-york?category=galleries&show=all,2026-08-07
Artemisa Gallery,347 West 21st Street,http://artemisagallery.com,https://artguide.artforum.com/artguide/place/new-york?category=galleries&show=all,2026-08-07
Artifact Projects,155 Suffolk Street,http://artifactnyc.net,https://artguide.artforum.com/artguide/place/new-york?category=galleries&show=all,2026-08-07
Arton Contemporary,521 Madison Avenue,http://artoncontemporary.com,https://artguide.artforum.com/artguide/place/new-york?category=galleries&show=all,2026-08-07
Asia Art Archive in America,23 Cranberry Street,http://aaa-a.org,https://artguide.artforum.com/artguide/place/new-york?category=galleries&show=all,2026-08-07
Asian/Pacific/American Institute | New York University (NYU),"20 Cooper Square, 1st Fl.",http://apa.nyu.edu,https://artguide.artforum.com/artguide/place/new-york?category=galleries&show=all,2026-08-07
Astor Weeks,"209 Canal Street, #3",http://astorweeksny.com,https://artguide.artforum.com/artguide/place/new-york?category=galleries&show=all,2026-08-07
Astroläbe Contemporary,311 Greenwich St,http://astrolabe.art,https://artguide.artforum.com/artguide/place/new-york?category=galleries&show=all,2026-08-07
Atamian Hovsepian Curatorial Practice,227 East 24th Street,http://atamianhovsepian.art,https://artguide.artforum.com/artguide/place/new-york?category=galleries&show=all,2026-08-07
Ateliers Courbet,134 10th Avenue,http://atelierscourbet.com,https://artguide.artforum.com/artguide/place/new-york?category=galleries&show=all,2026-08-07
Atlantic Gallery,"548 West 28th Street, Suite 540",http://atlanticgallery.org,https://artguide.artforum.com/artguide/place/new-york?category=galleries&show=all,2026-08-07
Austrian Cultural Forum New York,11 East 52nd Street,http://www.acfny.org,https://artguide.artforum.com/artguide/place/new-york?category=galleries&show=all,2026-08-07
Auxier Kline,19 Monroe Street,http://auxierkline.com,https://artguide.artforum.com/artguide/place/new-york?category=galleries&show=all,2026-08-07
Auxiliary Projects,212R Norman Avenue,http://auxiliaryprojects.com,https://artguide.artforum.com/artguide/place/new-york?category=galleries&show=all,2026-08-07
BANK | New York,127 Elizabeth Street,http://bankmabsociety.com,https://artguide.artforum.com/artguide/place/new-york?category=galleries&show=all,2026-08-07
Barbara Mathes Gallery,"22 East 80th Street, 3rd Fl.",http://barbaramathesgallery.com,https://artguide.artforum.com/artguide/place/new-york?category=galleries&show=all,2026-08-07
Bard Graduate Center Gallery,18 West 86th Street,http://bgc.bard.edu/gallery/,https://artguide.artforum.com/artguide/place/new-york?category=galleries&show=all,2026-08-07
Barro | New York,"25 Peck Slip, Ground Floor",http://barro.cc,https://artguide.artforum.com/artguide/place/new-york?category=galleries&show=all,2026-08-07
Below Grand | 52 Allen St.,52 Allen Street,http://belowgrandnyc.com,https://artguide.artforum.com/artguide/place/new-york?category=galleries&show=all,2026-08-07
Below Grand | 53 Orchard St.,53 Orchard Street,http://belowgrandnyc.com,https://artguide.artforum.com/artguide/place/new-york?category=galleries&show=all,2026-08-07
Benny's Video,28 Varick Avenue,http://bennysvideo.com,https://artguide.artforum.com/artguide/place/new-york?category=galleries&show=all,2026-08-07
Bertha and Karl Leubsdorf Art Gallery | Hunter College (CUNY),"132 East 68th Street, Hunter West Building",http://leubsdorfgallery.org,https://artguide.artforum.com/artguide/place/new-york?category=galleries&show=all,2026-08-07
Betty Cuningham Gallery,41 Union Square West #923,http://bettycuninghamgallery.com,https://artguide.artforum.com/artguide/place/new-york?category=galleries&show=all,2026-08-07
Bienvenu Steinberg & C,35 Walker Street,http://bsandcgallery.com,https://artguide.artforum.com/artguide/place/new-york?category=galleries&show=all,2026-08-07
Bill Hodges Gallery,"529 West 20th Street, Unit #10E",http://billhodgesgallery.com,https://artguide.artforum.com/artguide/place/new-york?category=galleries&show=all,2026-08-07
bitforms gallery,131 Allen Street,http://bitforms.art,https://artguide.artforum.com/artguide/place/new-york?category=galleries&show=all,2026-08-07
Bitter,45 Division Street,http://bitter.nyc,https://artguide.artforum.com/artguide/place/new-york?category=galleries&show=all,2026-08-07
Blade Study,17 Pike Street,http://bladestudy.net,https://artguide.artforum.com/artguide/place/new-york?category=galleries&show=all,2026-08-07
Blank Forms,"468 Grand Ave, Suites 3D & 1D",http://blankforms.org,https://artguide.artforum.com/artguide/place/new-york?category=galleries&show=all,2026-08-07
BLANK SPACE,"547 West 27th Street, Suite #209",http://blankspaceart.com,https://artguide.artforum.com/artguide/place/new-york?category=galleries&show=all,2026-08-07
Blue Door Gallery,Boerum Hill,http://bluedoor.art,https://artguide.artforum.com/artguide/place/new-york?category=galleries&show=all,2026-08-07
Bob's Gallery,334 Broome Street,http://bobsgallery.org,https://artguide.artforum.com/artguide/place/new-york?category=galleries&show=all,2026-08-07
Bookstein Projects,"39 East 78th Street, 4th Floor",http://booksteinprojects.com,https://artguide.artforum.com/artguide/place/new-york?category=galleries&show=all,2026-08-07
Bowery Gallery,"547 West 27th Street, Suite #508",http://bowerygallery.org,https://artguide.artforum.com/artguide/place/new-york?category=galleries&show=all,2026-08-07
Brackett Creek Exhibitions | New York,25 Jay Street,http://brackettcreekexhibitions.com,https://artguide.artforum.com/artguide/place/new-york?category=galleries&show=all,2026-08-07
Brâncuși Gallery | Romanian Cultural Institute,200 East 38th Street,http://rciusa.info,https://artguide.artforum.com/artguide/place/new-york?category=galleries&show=all,2026-08-07
BravinLee Programs,"526 West 26th Street, Suite #211",http://bravinlee.com,https://artguide.artforum.com/artguide/place/new-york?category=galleries&show=all,2026-08-07
BRIC,647 Fulton Street,http://BRICartsmedia.org,https://artguide.artforum.com/artguide/place/new-york?category=galleries&show=all,2026-08-07
Brief Histories,115 Bowery,http://briefhistories.art,https://artguide.artforum.com/artguide/place/new-york?category=galleries&show=all,2026-08-07
BronxArtSpace,700 Manida Street,http://bronxartspace.com,https://artguide.artforum.com/artguide/place/new-york?category=galleries&show=all,2026-08-07
Brooklyn Academy of Music (BAM) | Peter Jay Sharp Building,30 Lafayette Avenue,http://BAM.org,https://artguide.artforum.com/artguide/place/new-york?category=galleries&show=all,2026-08-07
Brooklyn Public Library | Brooklyn Heights Branch,286 Cadman Plaza West,http://bklynlibrary.org/exhibitions/bebonkwe-brown-urban,https://artguide.artforum.com/artguide/place/new-york?category=galleries&show=all,2026-08-07
Bureau,112 Duane Street,http://bureau-inc.com,https://artguide.artforum.com/artguide/place/new-york?category=galleries&show=all,2026-08-07
Butler Library | Columbia University,"Columbia University, Rare Book & Manuscript Library Butler Library, 6th Floor, 535 West 114th Street",http://library.columbia.edu/libraries/rbml.html,https://artguide.artforum.com/artguide/place/new-york?category=galleries&show=all,2026-08-07
C+C Photography Gallery,"3 West 57th Street, 4th Floor",http://candcgallery.com,https://artguide.artforum.com/artguide/place/new-york?category=galleries&show=all,2026-08-07
Canal Projects,351 Canal Street,http://canalprojects.org,https://artguide.artforum.com/artguide/place/new-york?category=galleries&show=all,2026-08-07
Carracci Art,"368 Broadway, Suite #305",http://carracciart.com,https://artguide.artforum.com/artguide/place/new-york?category=galleries&show=all,2026-08-07
carriage trade,"277 Grand Street, 2nd Fl.",http://carriagetrade.org,https://artguide.artforum.com/artguide/place/new-york?category=galleries&show=all,2026-08-07
Casey Kaplan,121 West 27th Street,http://caseykaplangallery.com,https://artguide.artforum.com/artguide/place/new-york?category=galleries&show=all,2026-08-07
Castelli Gallery | Midtown,"24 West 40th Street, 2nd Floor",http://castelligallery.com,https://artguide.artforum.com/artguide/place/new-york?category=galleries&show=all,2026-08-07
Castelli Gallery | Uptown,"18 East 77th St, 3rd Floor",http://castelligallery.com,https://artguide.artforum.com/artguide/place/new-york?category=galleries&show=all,2026-08-07
"Cecilia de Torres, Ltd.",134-140 Greene Street,http://ceciliadetorres.com,https://artguide.artforum.com/artguide/place/new-york?category=galleries&show=all,2026-08-07
Center for Book Arts,"28 West 27th Street, 3rd Floor",http://centerforbookarts.org,https://artguide.artforum.com/artguide/place/new-york?category=galleries&show=all,2026-08-07
Ceres Gallery,"547 West 27th Street, Suite #201",http://ceresgallery.org,https://artguide.artforum.com/artguide/place/new-york?category=galleries&show=all,2026-08-07
Ceysson & Bénétière | New York,956 Madison Avenue,http://ceyssonbenetiere.com/en,https://artguide.artforum.com/artguide/place/new-york?category=galleries&show=all,2026-08-07
Chambers Fine Art,55 East 11th Street,http://chambersfineart.com,https://artguide.artforum.com/artguide/place/new-york?category=galleries&show=all,2026-08-07
CHARMOLI CIARMOLI,"32 E Broadway 6fl, elevator access",http://charmoliciarmoli.com,https://artguide.artforum.com/artguide/place/new-york?category=galleries&show=all,2026-08-07
Chase Contemporary,413-415 West Broadway,http://chasecontemporary.com,https://artguide.artforum.com/artguide/place/new-york?category=galleries&show=all,2026-08-07
ChaShaMa 1 Brooklyn Bridge Park,1 Brooklyn Bridge Park,http://chashama.org,https://artguide.artforum.com/artguide/place/new-york?category=galleries&show=all,2026-08-07
ChaShaMa 266 Window Space,266 West 37th Street,http://chashama.org,https://artguide.artforum.com/artguide/place/new-york?category=galleries&show=all,2026-08-07
Chelsea Walls,231 Tenth Avenue,http://chelseawalls.com,https://artguide.artforum.com/artguide/place/new-york?category=galleries&show=all,2026-08-07
Cherkovski,86 South 8th Street,http://cherkovski.com,https://artguide.artforum.com/artguide/place/new-york?category=galleries&show=all,2026-08-07
Chinatown Soup,16B Orchard Street,http://chinatownsoup.nyc,https://artguide.artforum.com/artguide/place/new-york?category=galleries&show=all,2026-08-07
Chorus Projects,59 Jefferson Street,http://chorusprojects.com,https://artguide.artforum.com/artguide/place/new-york?category=galleries&show=all,2026-08-07
Chozick Family Art Gallery,"370 Broadway, 2nd Floor",http://chozickfamilyartgallery.com,https://artguide.artforum.com/artguide/place/new-york?category=galleries&show=all,2026-08-07
Cierah,"110 Suffolk St, Apt #1A",http://cierah.com,https://artguide.artforum.com/artguide/place/new-york?category=galleries&show=all,2026-08-07
Cindy Rucker Gallery,143B Orchard Street,http://cindyruckergallery.com,https://artguide.artforum.com/artguide/place/new-york?category=galleries&show=all,2026-08-07
Citygroup,104B Forsyth Street,http://citygroup.nyc,https://artguide.artforum.com/artguide/place/new-york?category=galleries&show=all,2026-08-07
CLEARSKY | New York,925 Bergen Street,http://clearsky.art,https://artguide.artforum.com/artguide/place/new-york?category=galleries&show=all,2026-08-07
COLNAGHI | New York,"23 East 67th Street, 4th Floor",http://colnaghi.com,https://artguide.artforum.com/artguide/place/new-york?category=galleries&show=all,2026-08-07
COMPANY Gallery,145 Elizabeth Street,http://companygallery.us,https://artguide.artforum.com/artguide/place/new-york?category=galleries&show=all,2026-08-07
Contact Photo,51 Porter Avenue,http://contactphoto.org/exhibitions,https://artguide.artforum.com/artguide/place/new-york?category=galleries&show=all,2026-08-07
Court Tree Collective,"51 35th Street, BLD #5, 2nd Floor",http://courttree.com,https://artguide.artforum.com/artguide/place/new-york?category=galleries&show=all,2026-08-07
Creative Time,Multiple Locations,http://creativetime.org,https://artguide.artforum.com/artguide/place/new-york?category=galleries&show=all,2026-08-07
Crossing Art,559 West 23rd Street,http://crossingart.com,https://artguide.artforum.com/artguide/place/new-york?category=galleries&show=all,2026-08-07
CSB Fine Arts,"81 Prospect Street, Suite 104",http://csbfinearts.com,https://artguide.artforum.com/artguide/place/new-york?category=galleries&show=all,2026-08-07
Cynthia Byrnes Contemporary Art,"508 W 26th Street, #12A PH",http://cynthiabyrnes.com,https://artguide.artforum.com/artguide/place/new-york?category=galleries&show=all,2026-08-07
D Lan Galleries,"25 East 73rd Street, 4th Floor",http://dlangalleries.com,https://artguide.artforum.com/artguide/place/new-york?category=galleries&show=all,2026-08-07
D. D. D. D.,"79 Leonard Street, SBE",http://dddd.pictures,https://artguide.artforum.com/artguide/place/new-york?category=galleries&show=all,2026-08-07
DAG | New York,"1 Rockefeller Plaza, 11th Floor",http://dagworld.com,https://artguide.artforum.com/artguide/place/new-york?category=galleries&show=all,2026-08-07
Dan Yoshii Gallery | Henry St,54 Henry Street,http://danyoshii.com,https://artguide.artforum.com/artguide/place/new-york?category=galleries&show=all,2026-08-07
Dan Yoshii Gallery | Madison Ave,833 Madison Avenue,http://danyoshii.com,https://artguide.artforum.com/artguide/place/new-york?category=galleries&show=all,2026-08-07
Danspace Project,"131 East 10th Street, St Mark’s Church",http://danspaceproject.org,https://artguide.artforum.com/artguide/place/new-york?category=galleries&show=all,2026-08-07
Danziger Gallery,952 5th Avenue 2nd Floor,http://danzigergallery.com,https://artguide.artforum.com/artguide/place/new-york?category=galleries&show=all,2026-08-07
Dashwood Projects,63 E 4th Street,http://dashwoodprojects.com,https://artguide.artforum.com/artguide/place/new-york?category=galleries&show=all,2026-08-07
David Benrimon Fine Art,"41 East 57th Street, 2nd Floor, The Fuller Building",http://davidbenrimon.com,https://artguide.artforum.com/artguide/place/new-york?category=galleries&show=all,2026-08-07
David Krut Projects | New York,"526 West 26th Street, 8th Floor, Suite 816",http://davidkrutprojects.com,https://artguide.artforum.com/artguide/place/new-york?category=galleries&show=all,2026-08-07
David Nolan Gallery,"24 East 81st Street, 4th Floor",http://davidnolangallery.com,https://artguide.artforum.com/artguide/place/new-york?category=galleries&show=all,2026-08-07
David Peter Francis,35 East Broadway #3F,http://davidpeterfrancis.com,https://artguide.artforum.com/artguide/place/new-york?category=galleries&show=all,2026-08-07
David Richard Gallery | Chelsea 209,"526 West 26th Street, Suite #209",http://davidrichardgallery.com,https://artguide.artforum.com/artguide/place/new-york?category=galleries&show=all,2026-08-07
David Richard Gallery | Chelsea 311,"526 West 26th Street, Suite #311",http://davidrichardgallery.com,https://artguide.artforum.com/artguide/place/new-york?category=galleries&show=all,2026-08-07
David Richard Gallery | Chelsea 5C,"508 West 26th Street, Suite #5C",http://davidrichardgallery.com,https://artguide.artforum.com/artguide/place/new-york?category=galleries&show=all,2026-08-07
David Richard Gallery | Chelsea 9F,"508 West 26th Street, Suite #9F",http://davidrichardgallery.com,https://artguide.artforum.com/artguide/place/new-york?category=galleries&show=all,2026-08-07
David Zwirner | 525 West 19th St,525 West 19th Street,http://davidzwirner.com,https://artguide.artforum.com/artguide/place/new-york?category=galleries&show=all,2026-08-07
DC Moore Gallery,"535 West 22nd Street, 2nd Floor",http://dcmooregallery.com,https://artguide.artforum.com/artguide/place/new-york?category=galleries&show=all,2026-08-07
De Buck Gallery,507 West 27th Street,http://debuckgallery.com,https://artguide.artforum.com/artguide/place/new-york?category=galleries&show=all,2026-08-07
Deborah Bell Photographs,"526 West 26th Street, Room 411",http://deborahbellphotographs.com,https://artguide.artforum.com/artguide/place/new-york?category=galleries&show=all,2026-08-07
Denise Bibro Fine Art,Online exhibitions,http://denisebibrofineart.com,https://artguide.artforum.com/artguide/place/new-york?category=galleries&show=all,2026-08-07
Dernier Cri,"247 E 60th Street, 2nd Fl.",http://derniercrinyc.com,https://artguide.artforum.com/artguide/place/new-york?category=galleries&show=all,2026-08-07
Derosia,"197 Grand Street, Unit #2W",http://derosia.nyc,https://artguide.artforum.com/artguide/place/new-york?category=galleries&show=all,2026-08-07
Desnivel,62 2nd Avenue,http://desnivelgallery.com,https://artguide.artforum.com/artguide/place/new-york?category=galleries&show=all,2026-08-07
Deutsches Haus | New York University (NYU),42 Washington Mews (corner of University Place),http://as.nyu.edu/deutscheshaus.html,https://artguide.artforum.com/artguide/place/new-york?category=galleries&show=all,2026-08-07
DI DONNA,744 Madison Avenue,http://didonna.com,https://artguide.artforum.com/artguide/place/new-york?category=galleries&show=all,2026-08-07
DIANA,127 Henry Street,http://diananewyork.com,https://artguide.artforum.com/artguide/place/new-york?category=galleries&show=all,2026-08-07
dieFirma,32A Cooper Square,http://diefirmanyc.com,https://artguide.artforum.com/artguide/place/new-york?category=galleries&show=all,2026-08-07
Dieu Donné,"63 Flushing Ave, Unit 112, Building 3, Suite #602, Brooklyn Navy Yard",http://dieudonne.org,https://artguide.artforum.com/artguide/place/new-york?category=galleries&show=all,2026-08-07
Dog House Gallery,137 Montrose Avenue,http://www.instagram.com/dog_house_gallery/,https://artguide.artforum.com/artguide/place/new-york?category=galleries&show=all,2026-08-07
Dracula's Revenge,218 Centre Street,http://draculasrevenge.net,https://artguide.artforum.com/artguide/place/new-york?category=galleries&show=all,2026-08-07
Dream House | MELA Foundation,"275 Church Street, 3rd Floor",http://melafoundation.org,https://artguide.artforum.com/artguide/place/new-york?category=galleries&show=all,2026-08-07
Duane Thomas Gallery,"137 West Broadway, 3rd Floor",http://duanethomasgallery.com,https://artguide.artforum.com/artguide/place/new-york?category=galleries&show=all,2026-08-07
Duckworth Gallery,169 Coffey Street,http://duckworthgallery.com,https://artguide.artforum.com/artguide/place/new-york?category=galleries&show=all,2026-08-07
Dunkunsthalle,64 Fulton Street,http://www.dunkunsthalle.com,https://artguide.artforum.com/artguide/place/new-york?category=galleries&show=all,2026-08-07
DUTTON,48 Hester Street,http://soniadutton.com,https://artguide.artforum.com/artguide/place/new-york?category=galleries&show=all,2026-08-07
Ed. Varie,4.5 Cortlandt Allery,http://edvarie.com,https://artguide.artforum.com/artguide/place/new-york?category=galleries&show=all,2026-08-07
EERDMANS,"14 East 10th Street, Ground Fl.",http://eerdmansnewyork.com,https://artguide.artforum.com/artguide/place/new-york?category=galleries&show=all,2026-08-07
EFA 3rd Floor Gallery | The Elizabeth Foundation for the Arts,"323 West 39th Street, 2nd Floor",http://studios-efanyc.org/exhibitions,https://artguide.artforum.com/artguide/place/new-york?category=galleries&show=all,2026-08-07
EFA Robert Blackburn Printmaking Workshop | The Elizabeth Foundation for the Arts,"323 West 39th Street, 2nd Floor",http://rbpmw-efanyc.org,https://artguide.artforum.com/artguide/place/new-york?category=galleries&show=all,2026-08-07
EFA Studios | The Elizabeth Foundation for the Arts,"323 West 39th Street, 3rd Fl.",http://studios-efanyc.org,https://artguide.artforum.com/artguide/place/new-york?category=galleries&show=all,2026-08-07
Efraín López,"356 Broadway, Unit LL15",http://efrainlopez.co,https://artguide.artforum.com/artguide/place/new-york?category=galleries&show=all,2026-08-07
Electronic Arts Intermix,"264 Canal Street, #3W",http://eai.org,https://artguide.artforum.com/artguide/place/new-york?category=galleries&show=all,2026-08-07
Eleventh Hour Art,61 Atlantic Avenue,http://eleventhhourart.com,https://artguide.artforum.com/artguide/place/new-york?category=galleries&show=all,2026-08-07
Elliott Templeton Fine Arts,105 Henry Street,http://elliotttempleton.nyc,https://artguide.artforum.com/artguide/place/new-york?category=galleries&show=all,2026-08-07
Elza Kayal Gallery,"368 Broadway, Suite #409",http://elzakayal.com,https://artguide.artforum.com/artguide/place/new-york?category=galleries&show=all,2026-08-07
embryogallery,32 Union Sq East,http://embryogallery.com,https://artguide.artforum.com/artguide/place/new-york?category=galleries&show=all,2026-08-07
Emily Harvey Foundation,"537 Broadway, 2nd Fl.",http://emilyharveyfoundation.org,https://artguide.artforum.com/artguide/place/new-york?category=galleries&show=all,2026-08-07
empire,"53 E 34th Street, #308",http://theempire.biz,https://artguide.artforum.com/artguide/place/new-york?category=galleries&show=all,2026-08-07
End Scene,41 Orchard Street,http://endscenegallery.com,https://artguide.artforum.com/artguide/place/new-york?category=galleries&show=all,2026-08-07
ENORME,"41 Union Square West, #612",http://enorme.nyc,https://artguide.artforum.com/artguide/place/new-york?category=galleries&show=all,2026-08-07
ensemble,"401 Broadway, #1902",http://ensemble.nyc,https://artguide.artforum.com/artguide/place/new-york?category=galleries&show=all,2026-08-07
Eric Firestone Gallery | New York,40 Great Jones Street,http://ericfirestonegallery.com,https://artguide.artforum.com/artguide/place/new-york?category=galleries&show=all,2026-08-07
Eric Firestone: The Loft | New York,"4 Great Jones Street, 3rd Floor",http://ericfirestonegallery.com,https://artguide.artforum.com/artguide/place/new-york?category=galleries&show=all,2026-08-07
Essex Flowers,19 Monroe Street,http://essexflowers.us,https://artguide.artforum.com/artguide/place/new-york?category=galleries&show=all,2026-08-07
Established Gallery,75 6th Avenue,http://establishedgallery.com,https://artguide.artforum.com/artguide/place/new-york?category=galleries&show=all,2026-08-07
Ethan Cohen Gallery | 225 W 17th St,225 West 17th Street,http://ecfa.com,https://artguide.artforum.com/artguide/place/new-york?category=galleries&show=all,2026-08-07
Ethan Cohen Gallery | 251 W 19th St,251 West 19th Street,http://ecfa.com,https://artguide.artforum.com/artguide/place/new-york?category=galleries&show=all,2026-08-07
EUROPA,"125 Division Street, 2nd Fl.",http://europa.nyc,https://artguide.artforum.com/artguide/place/new-york?category=galleries&show=all,2026-08-07
Eyebeam,185 Wythe Avenue Office F1,http://eyebeam.org,https://artguide.artforum.com/artguide/place/new-york?category=galleries&show=all,2026-08-07
Falcon,111 Broadway,http://falconnyc.com,https://artguide.artforum.com/artguide/place/new-york?category=galleries&show=all,2026-08-07
Faurschou New York,148 Green Street,http://faurschou.com,https://artguide.artforum.com/artguide/place/new-york?category=galleries&show=all,2026-08-07
Fergus McCaffrey | New York,514 West 26th Street,http://fergusmccaffrey.com,https://artguide.artforum.com/artguide/place/new-york?category=galleries&show=all,2026-08-07
Field of Play,126 13th Street,http://fieldofplaybk.com,https://artguide.artforum.com/artguide/place/new-york?category=galleries&show=all,2026-08-07
Findlay Galleries | New York,"32 East 57th Street, 2nd Floor",http://findlaygalleries.com,https://artguide.artforum.com/artguide/place/new-york?category=galleries&show=all,2026-08-07
First Street Green Art Park,33 East 1st Street,http://firststreetgreenpark.org/,https://artguide.artforum.com/artguide/place/new-york?category=galleries&show=all,2026-08-07
FiveMyles,558 St. Johns Place,http://fivemyles.org,https://artguide.artforum.com/artguide/place/new-york?category=galleries&show=all,2026-08-07
Flow Space Gallery,"526 W 26th Street, #807",http://flowspacegallery.com,https://artguide.artforum.com/artguide/place/new-york?category=galleries&show=all,2026-08-07
Flux Factory | 29th Street,39-31 29th Street,http://fluxfactory.org,https://artguide.artforum.com/artguide/place/new-york?category=galleries&show=all,2026-08-07
Flux Factory | Governors Island,"404A Colonels Row, Governors Island",http://fluxfactory.org,https://artguide.artforum.com/artguide/place/new-york?category=galleries&show=all,2026-08-07
Foreign & Domestic,24 Rutgers Street,http://foreigndomestic.io,https://artguide.artforum.com/artguide/place/new-york?category=galleries&show=all,2026-08-07
Fort Gansevoort,5 9th Avenue,http://fortgansevoort.com,https://artguide.artforum.com/artguide/place/new-york?category=galleries&show=all,2026-08-07
Fountain House Gallery,702 9th Avenue,http://fountainhousegallery.org,https://artguide.artforum.com/artguide/place/new-york?category=galleries&show=all,2026-08-07
François Ghebaly | New York,391 Grand Street,http://ghebaly.com,https://artguide.artforum.com/artguide/place/new-york?category=galleries&show=all,2026-08-07
Fredericks & Freiser,536 West 24th Street,http://fredericksfreisergallery.com,https://artguide.artforum.com/artguide/place/new-york?category=galleries&show=all,2026-08-07
Fremin Gallery,520 West 23rd Street,http://fremingallery.com,https://artguide.artforum.com/artguide/place/new-york?category=galleries&show=all,2026-08-07
French Institute Alliance Française (FIAF),22 East 60th Street,http://fiaf.org,https://artguide.artforum.com/artguide/place/new-york?category=galleries&show=all,2026-08-07
Friedman Benda | New York,515 West 26th Street,http://friedmanbenda.com,https://artguide.artforum.com/artguide/place/new-york?category=galleries&show=all,2026-08-07
Friedrichs Pontone,273 Church Street,http://friedrichspontone.com,https://artguide.artforum.com/artguide/place/new-york?category=galleries&show=all,2026-08-07
Fu Qiumeng Fine Art,"65 East 80th Street, Ground Floor",http://fuqiumeng.com,https://artguide.artforum.com/artguide/place/new-york?category=galleries&show=all,2026-08-07
Gaa,4 Cortlandt Alley,http://gaa-gallery.com,https://artguide.artforum.com/artguide/place/new-york?category=galleries&show=all,2026-08-07
Gagosian | 555 West 24th Street,555 West 24th Street,http://gagosian.com,https://artguide.artforum.com/artguide/place/new-york?category=galleries&show=all,2026-08-07
Gagosian | 976 Madison Avenue,976 Madison Avenue,http://gagosian.com,https://artguide.artforum.com/artguide/place/new-york?category=galleries&show=all,2026-08-07
Gagosian | 980 Madison Avenue,980 Madison Avenue,http://gagosian.com,https://artguide.artforum.com/artguide/place/new-york?category=galleries&show=all,2026-08-07
Gagosian | Park & 75,821 Park Avenue,http://gagosian.com,https://artguide.artforum.com/artguide/place/new-york?category=galleries&show=all,2026-08-07
Gala Art Center,15-08 121st St,http://galaartcenter.org,https://artguide.artforum.com/artguide/place/new-york?category=galleries&show=all,2026-08-07
Galería Azur | New York,157 Bowery,http://galeriaazur.art/us,https://artguide.artforum.com/artguide/place/new-york?category=galleries&show=all,2026-08-07
Galerie Carole Kvasnevski,"526 W 26th Street, Suite 305 A, 3rd Fl.",http://galeriecarolekvasnevski.com,https://artguide.artforum.com/artguide/place/new-york?category=galleries&show=all,2026-08-07
Galerie Fleiss-Vallois,"1018 Madison Avenue, 5th & 6th Fl.",http://fleiss-vallois.com,https://artguide.artforum.com/artguide/place/new-york?category=galleries&show=all,2026-08-07
Galerie Gmurzynska | New York,"595 Madison Avenue, 6th Floor",http://gmurzynska.com,https://artguide.artforum.com/artguide/place/new-york?category=galleries&show=all,2026-08-07
Galerie Ground,80 Richards Street,http://galerieground.com,https://artguide.artforum.com/artguide/place/new-york?category=galleries&show=all,2026-08-07
Galerie Khoshbakht,136 Orchard Street,http://khoshbakht.de,https://artguide.artforum.com/artguide/place/new-york?category=galleries&show=all,2026-08-07
Galerie RX | New York,522 West 19th Street,http://galerierx.com,https://artguide.artforum.com/artguide/place/new-york?category=galleries&show=all,2026-08-07
Galerie Sardine | New York,61 Lispenard Street,http://galeriesardine.com,https://artguide.artforum.com/artguide/place/new-york?category=galleries&show=all,2026-08-07
Galerie Shibumi,"261 W 35th Street, 14th Fl.",http://galerieshibumi.com,https://artguide.artforum.com/artguide/place/new-york?category=galleries&show=all,2026-08-07
Galerie Timonier,"246 West Broadway, 2nd Floor",http://galerie-timonier.com,https://artguide.artforum.com/artguide/place/new-york?category=galleries&show=all,2026-08-07
Galerie Yeche Lange,"11 Broadway, Suite #1530",http://yl.baby,https://artguide.artforum.com/artguide/place/new-york?category=galleries&show=all,2026-08-07
Gallatin Galleries,1 Washington Place,http://wp.nyu.edu/gallatingalleries,https://artguide.artforum.com/artguide/place/new-york?category=galleries&show=all,2026-08-07
Gallery 456 | Chinese American Arts Council (CAAC),"456 Broadway, 3rd Floor",http://caacarts.org,https://artguide.artforum.com/artguide/place/new-york?category=galleries&show=all,2026-08-07
Gallery 71,974 Lexington Avenue,http://gallery71.com,https://artguide.artforum.com/artguide/place/new-york?category=galleries&show=all,2026-08-07
Gallery Chang,150 West 55th Street,http://artgallerychang.com,https://artguide.artforum.com/artguide/place/new-york?category=galleries&show=all,2026-08-07
Gallery Hyundai New York Project Space,"529 W 20th Street, #6E",http://galleryhyundai.com,https://artguide.artforum.com/artguide/place/new-york?category=galleries&show=all,2026-08-07
gallery onetwentyeight,128 Rivington Street,http://galleryonetwentyeight.org,https://artguide.artforum.com/artguide/place/new-york?category=galleries&show=all,2026-08-07
Gallery Wave,1031 2nd Avenue,http://wave.gallery60nyc.com,https://artguide.artforum.com/artguide/place/new-york?category=galleries&show=all,2026-08-07
Gallery517,517 West 29th Street,http://517west29th.com/gallery-517,https://artguide.artforum.com/artguide/place/new-york?category=galleries&show=all,2026-08-07
Gandt,"31-45 37th Street, #G",http://gandtmedia.org,https://artguide.artforum.com/artguide/place/new-york?category=galleries&show=all,2026-08-07
Garvey|Simon New York at DFN Projects,"41 East 57th Street, 11th Fl.",http://garveysimon.com,https://artguide.artforum.com/artguide/place/new-york?category=galleries&show=all,2026-08-07
GEMS,2 East Broadway,http://gemsss.nyc,https://artguide.artforum.com/artguide/place/new-york?category=galleries&show=all,2026-08-07
George Billis Gallery | New York,122 Norfolk Street,http://georgebillis.com,https://artguide.artforum.com/artguide/place/new-york?category=galleries&show=all,2026-08-07
Georges Bergès Gallery,462 West Broadway,http://bergesgallery.com,https://artguide.artforum.com/artguide/place/new-york?category=galleries&show=all,2026-08-07
Gern en Regalia,"105 Henry Street, #5 Basement Level",http://gernenregalia.com,https://artguide.artforum.com/artguide/place/new-york?category=galleries&show=all,2026-08-07
Gitterman Gallery,"3 East 66th Street, #1B",http://gittermangallery.com,https://artguide.artforum.com/artguide/place/new-york?category=galleries&show=all,2026-08-07
Gladstone Gallery | West 21st St,530 West 21st Street,http://gladstonegallery.com,https://artguide.artforum.com/artguide/place/new-york?category=galleries&show=all,2026-08-07
GLORIA'S,5 Eldridge Street,http://gloriasprojectspace.com,https://artguide.artforum.com/artguide/place/new-york?category=galleries&show=all,2026-08-07
Goethe-Institut New York,30 Irving Place,http://goethe.de/ins/us/en/sta/ney/ver.cfm,https://artguide.artforum.com/artguide/place/new-york?category=galleries&show=all,2026-08-07
GOLESTANI | New York,19 Pike Street,http://golestani.gallery,https://artguide.artforum.com/artguide/place/new-york?category=galleries&show=all,2026-08-07
Good Naked Gallery,252 Java Street,http://goodnakedgallery.com,https://artguide.artforum.com/artguide/place/new-york?category=galleries&show=all,2026-08-07
Goodman Gallery | New York,"23 East 67th Street, Suite #2",http://goodman-gallery.com/exhibitions/location/245,https://artguide.artforum.com/artguide/place/new-york?category=galleries&show=all,2026-08-07
Gordon Gallery | New York,139 Norfolk Street,http://gordongallery.co.il,https://artguide.artforum.com/artguide/place/new-york?category=galleries&show=all,2026-08-07
Gordon Robichaux,"41 Union Square West, Suite #925 & #907",http://gordonrobichaux.com,https://artguide.artforum.com/artguide/place/new-york?category=galleries&show=all,2026-08-07
Gratin,"291 Grand Street, 2nd Floor",http://gratin.com,https://artguide.artforum.com/artguide/place/new-york?category=galleries&show=all,2026-08-07
Gratin | White St.,15 White Street,http://gratin.com,https://artguide.artforum.com/artguide/place/new-york?category=galleries&show=all,2026-08-07
Great Hall | NYU Institute of Fine Arts,"1 East 78th Street, The James B. Duke House",http://ifa.nyu.edu/events/great-hall-exhibitions.htm,https://artguide.artforum.com/artguide/place/new-york?category=galleries&show=all,2026-08-07
Grey Art Museum | New York University (NYU),"18 Cooper Square, New York University",http://greyartgallery.nyu.edu,https://artguide.artforum.com/artguide/place/new-york?category=galleries&show=all,2026-08-07
Guest Gallery,Crown Heights,http://guestgallery.art,https://artguide.artforum.com/artguide/place/new-york?category=galleries&show=all,2026-08-07
Guild Gallery,321 Canal Street,http://rwguildgalleryny.com,https://artguide.artforum.com/artguide/place/new-york?category=galleries&show=all,2026-08-07
Guy Hepner,"521 W 26th Street, 5th Floor",http://guyhepner.com,https://artguide.artforum.com/artguide/place/new-york?category=galleries&show=all,2026-08-07
Gypsum Gallery | New York,4.5 Cortlandt Alley,http://gypsumgallery.com,https://artguide.artforum.com/artguide/place/new-york?category=galleries&show=all,2026-08-07
HAIR+NAILS | New York,39 Henry Street,http://hairandnailsart.com,https://artguide.artforum.com/artguide/place/new-york?category=galleries&show=all,2026-08-07
Halcyon | New York,413 West Broadway,http://halcyongallery.com,https://artguide.artforum.com/artguide/place/new-york?category=galleries&show=all,2026-08-07
Hales Gallery | New York,547 W 20th Street,http://halesgallery.com,https://artguide.artforum.com/artguide/place/new-york?category=galleries&show=all,2026-08-07
Halsey McKay | Brooklyn,60 Greenpoint Avenue,http://halseymckay.com,https://artguide.artforum.com/artguide/place/new-york?category=galleries&show=all,2026-08-07
Hannah Traore Gallery,150 Orchard Street,http://hannahtraoregallery.com,https://artguide.artforum.com/artguide/place/new-york?category=galleries&show=all,2026-08-07
Hardware Gallery,154 Chambers Street,http://juliekeyesart.com,https://artguide.artforum.com/artguide/place/new-york?category=galleries&show=all,2026-08-07
Harper's | Chelsea 512,512 West 22nd Street,http://harpersgallery.com,https://artguide.artforum.com/artguide/place/new-york?category=galleries&show=all,2026-08-07
Harper's | Chelsea 534,534 West 22nd Street,http://harpersgallery.com,https://artguide.artforum.com/artguide/place/new-york?category=galleries&show=all,2026-08-07
Harper's Apartment,"51 East 74th Street, Buzzer #2X",http://harpersgallery.com,https://artguide.artforum.com/artguide/place/new-york?category=galleries&show=all,2026-08-07
hatred 2,"576 3rd Avenue, #2L",http://hatred2.github.io,https://artguide.artforum.com/artguide/place/new-york?category=galleries&show=all,2026-08-07
haul gallery,"24 15th Street, Unit #207",http://haul.gallery,https://artguide.artforum.com/artguide/place/new-york?category=galleries&show=all,2026-08-07
Hauser & Wirth | 18th Street,443 West 18th Street,http://hauserwirth.com,https://artguide.artforum.com/artguide/place/new-york?category=galleries&show=all,2026-08-07
Hauser & Wirth | 542 West 22nd Street,542 West 22nd Street,http://hauserwirth.com,https://artguide.artforum.com/artguide/place/new-york?category=galleries&show=all,2026-08-07
Hauser & Wirth | East 69th Street,32 East 69th Street,http://hauserwirth.com,https://artguide.artforum.com/artguide/place/new-york?category=galleries&show=all,2026-08-07
Hauser & Wirth | Wooster Street,134 Wooster Street,http://hauserwirth.com,https://artguide.artforum.com/artguide/place/new-york?category=galleries&show=all,2026-08-07
Heft Gallery,300 Broome Street,http://heftgallery.com,https://artguide.artforum.com/artguide/place/new-york?category=galleries&show=all,2026-08-07
Heller Gallery,303 10th Avenue,http://hellergallery.com,https://artguide.artforum.com/artguide/place/new-york?category=galleries&show=all,2026-08-07
Helm Contemporary,"132 Bowery, 3rd Floor",http://helmcontemporary.com,https://artguide.artforum.com/artguide/place/new-york?category=galleries&show=all,2026-08-07
Helwaser Gallery,"833 Madison Avenue, 3rd Floor",http://helwasergallery.com,https://artguide.artforum.com/artguide/place/new-york?category=galleries&show=all,2026-08-07
Henrique Faria Fine Art,"35 East 67th Street, 4th Floor",http://henriquefaria.com,https://artguide.artforum.com/artguide/place/new-york?category=galleries&show=all,2026-08-07
High Line Nine,Entrances at 507 West 27th St and 508 West 28th St,http://highlinenine.com,https://artguide.artforum.com/artguide/place/new-york?category=galleries&show=all,2026-08-07
High Noon,68 Reade Street,http://highnoongallery.com,https://artguide.artforum.com/artguide/place/new-york?category=galleries&show=all,2026-08-07
Higher Pictures,"45 Main Street, #723",http://higherpicturesgeneration.com,https://artguide.artforum.com/artguide/place/new-york?category=galleries&show=all,2026-08-07
Hoffman Donahue | New York,"99 Bowery, 2nd Floor",http://hoffmandonahue.com,https://artguide.artforum.com/artguide/place/new-york?category=galleries&show=all,2026-08-07
Hoffman Maler Wallenberg | New York,"88 Eldridge Street, 5th Floor",http://hoffmannmalerwallenberg.com,https://artguide.artforum.com/artguide/place/new-york?category=galleries&show=all,2026-08-07
Hostler Burrows | New York,35 East 10th Street,http://hostlerburrows.com,https://artguide.artforum.com/artguide/place/new-york?category=galleries&show=all,2026-08-07
Howl! Happening,6 East 1st Street,http://howlarts.org,https://artguide.artforum.com/artguide/place/new-york?category=galleries&show=all,2026-08-07
Hunter College Art Galleries,695 Park Avenue,http://huntercollegeartgalleries.org,https://artguide.artforum.com/artguide/place/new-york?category=galleries&show=all,2026-08-07
Hunter Dunbar Projects,524 West 24th Street,http://hunterdunbarprojects.com,https://artguide.artforum.com/artguide/place/new-york?category=galleries&show=all,2026-08-07
Hunter East Harlem Gallery,"2180 3rd Avenue, The Silberman School of Social Work",http://huntereastharlemgallery.org,https://artguide.artforum.com/artguide/place/new-york?category=galleries&show=all,2026-08-07
"I.C Editions, Inc. | Susan Inglett",522 West 24th Street,http://iceditions.com,https://artguide.artforum.com/artguide/place/new-york?category=galleries&show=all,2026-08-07
icebox4,"53 S 11th Street, #4A",http://icebox4.com,https://artguide.artforum.com/artguide/place/new-york?category=galleries&show=all,2026-08-07
ILY2 NYC,35 Saint James Place,http://ily2online.com,https://artguide.artforum.com/artguide/place/new-york?category=galleries&show=all,2026-08-07
In The Gallery at Brooklyn Metal Works,640 Dean Street,http://bkmetalworks.com/gallery,https://artguide.artforum.com/artguide/place/new-york?category=galleries&show=all,2026-08-07
Incubator | New York,"291 Grand Street, 4th Fl.",http://incubatorart.com,https://artguide.artforum.com/artguide/place/new-york?category=galleries&show=all,2026-08-07
Instituto Cervantes | New York,211 E 49th Street,http://nyork.cervantes.es,https://artguide.artforum.com/artguide/place/new-york?category=galleries&show=all,2026-08-07
Instituto de Visión New York,"88 Eldridge Street, 5th Floor",http://institutodevision.com,https://artguide.artforum.com/artguide/place/new-york?category=galleries&show=all,2026-08-07
Interference Archive,314 7th Street,http://interferencearchive.org,https://artguide.artforum.com/artguide/place/new-york?category=galleries&show=all,2026-08-07
International Objects,53 Scott Avenue,http://objects.international,https://artguide.artforum.com/artguide/place/new-york?category=galleries&show=all,2026-08-07
International Waters,262 Meserole Street,http://internationalwaters.international,https://artguide.artforum.com/artguide/place/new-york?category=galleries&show=all,2026-08-07
IRL Gallery,"86 Walker Street, Floor 2",http://irl-nyc.com,https://artguide.artforum.com/artguide/place/new-york?category=galleries&show=all,2026-08-07
Isabel Sullivan Gallery | Tribeca,39 Lispenard Street,http://is.gallery,https://artguide.artforum.com/artguide/place/new-york?category=galleries&show=all,2026-08-07
ISSUE Project Room,22 Boerum Place,http://issueprojectroom.org,https://artguide.artforum.com/artguide/place/new-york?category=galleries&show=all,2026-08-07
Jack Barrett,87 Franklin Street,http://jackbarrettgallery.com,https://artguide.artforum.com/artguide/place/new-york?category=galleries&show=all,2026-08-07
Jack Shainman Gallery | 346 Broadway,346 Broadway,http://jackshainman.com,https://artguide.artforum.com/artguide/place/new-york?category=galleries&show=all,2026-08-07
Jacqueline Sullivan Gallery,"52 Walker Street, 4th Floor",http://jacquelinesullivangallery.com,https://artguide.artforum.com/artguide/place/new-york?category=galleries&show=all,2026-08-07
Jamaica Center for Arts and Learning (JCAL),161-04 Jamaica Avenue,http://jcal.org,https://artguide.artforum.com/artguide/place/new-york?category=galleries&show=all,2026-08-07
Jason Jacques Gallery,29 East 73rd Street,http://jasonjacques.com,https://artguide.artforum.com/artguide/place/new-york?category=galleries&show=all,2026-08-07
Jason McCoy Gallery,41 East 57th Street 11th Floor,http://www.jasonmccoyinc.com,https://artguide.artforum.com/artguide/place/new-york?category=galleries&show=all,2026-08-07
JDJ,"370 Broadway, 2nd Floor",http://jdj.world,https://artguide.artforum.com/artguide/place/new-york?category=galleries&show=all,2026-08-07
Jeffrey Stark,"88 East Broadway, #B11 (basement level)",http://jeffreystark.nyc,https://artguide.artforum.com/artguide/place/new-york?category=galleries&show=all,2026-08-07
Jenkins Johnson Gallery,207 Ocean Avenue,http://jenkinsjohnsongallery.com,https://artguide.artforum.com/artguide/place/new-york?category=galleries&show=all,2026-08-07
Jennifer Baahng Gallery,790 Madison Avenue,http://baahng.com,https://artguide.artforum.com/artguide/place/new-york?category=galleries&show=all,2026-08-07
Jenny's | New York,"114 Greene Street, 2nd Floor",http://jennys.us,https://artguide.artforum.com/artguide/place/new-york?category=galleries&show=all,2026-08-07
Jill Newhouse Gallery,4 East 81st Street,http://jillnewhouse.com,https://artguide.artforum.com/artguide/place/new-york?category=galleries&show=all,2026-08-07
Jim Kempner Fine Art,501 West 23rd Street,http://jimkempnerfineart.com,https://artguide.artforum.com/artguide/place/new-york?category=galleries&show=all,2026-08-07
John Molloy Gallery,49 East 78th Street Suite 2B,http://johnmolloygallery.com,https://artguide.artforum.com/artguide/place/new-york?category=galleries&show=all,2026-08-07
Judson Memorial Church,55 Washington Square South,http://judson.org,https://artguide.artforum.com/artguide/place/new-york?category=galleries&show=all,2026-08-07
Judy's Death | New York,Email for address,http://judysdeath.com,https://artguide.artforum.com/artguide/place/new-york?category=galleries&show=all,2026-08-07
Julia Seabrook Gallery,660 Franklin Avenue,http://juliaseabrookgallery.com,https://artguide.artforum.com/artguide/place/new-york?category=galleries&show=all,2026-08-07
June Kelly Gallery,"166 Mercer Street, #3C, 3rd Floor",http://junekellygallery.com,https://artguide.artforum.com/artguide/place/new-york?category=galleries&show=all,2026-08-07
Kahan Gallery,"922 Madison Ave, 2nd Fl.",http://kahangallery.net,https://artguide.artforum.com/artguide/place/new-york?category=galleries&show=all,2026-08-07
KALINER | New York,42 Allen Street,http://kalinergallery.com,https://artguide.artforum.com/artguide/place/new-york?category=galleries&show=all,2026-08-07
KAPOW,23 Monroe Street,http://kapowgallery.com,https://artguide.artforum.com/artguide/place/new-york?category=galleries&show=all,2026-08-07
Kapp Kapp | New York,"86 Walker Street, 4th Floor",http://kappkapp.com,https://artguide.artforum.com/artguide/place/new-york?category=galleries&show=all,2026-08-07
Kate Oh Gallery,31 E 72nd Street,http://kateohgallery.com,https://artguide.artforum.com/artguide/place/new-york?category=galleries&show=all,2026-08-07
Kates-Ferri Projects,561 & 563 Grand Street,http://katesferriprojects.com,https://artguide.artforum.com/artguide/place/new-york?category=galleries&show=all,2026-08-07
Kathryn Markel Fine Arts | 179 10th Ave,179 10th Avenue,http://markelfinearts.com,https://artguide.artforum.com/artguide/place/new-york?category=galleries&show=all,2026-08-07
KB NY,Inquire for address at kb.bkny@gmail.com or @kb.bkny,http://kbny.net,https://artguide.artforum.com/artguide/place/new-york?category=galleries&show=all,2026-08-07
Kentler International Drawing Space,353 Van Brunt Street,http://kentlergallery.org,https://artguide.artforum.com/artguide/place/new-york?category=galleries&show=all,2026-08-07
Kerry Schuss Gallery,73 Leonard Street,http://kerryschussgallery.com,https://artguide.artforum.com/artguide/place/new-york?category=galleries&show=all,2026-08-07
Kevin Kramer Gallery,"121 West 27th Street, #702",http://kevinkramergallery.com,https://artguide.artforum.com/artguide/place/new-york?category=galleries&show=all,2026-08-07
King's Leap,"105 Henry Street, Store 4 & 5",http://kingsleapprojects.net,https://artguide.artforum.com/artguide/place/new-york?category=galleries&show=all,2026-08-07
Klompching Gallery,89 Water Street,http://https://www.klompching.com,https://artguide.artforum.com/artguide/place/new-york?category=galleries&show=all,2026-08-07
Korean Cultural Center New York (KCCNY),122 East 32nd Street,http://koreanculture.org,https://artguide.artforum.com/artguide/place/new-york?category=galleries&show=all,2026-08-07
Kravets Wehby Gallery,"521 West 21st Street, Ground Floor",http://kravetswehbygallery.com,https://artguide.artforum.com/artguide/place/new-york?category=galleries&show=all,2026-08-07
Kristen Lorello,"23 East 73rd Street, 5th Floor",http://kristenlorello.com,https://artguide.artforum.com/artguide/place/new-york?category=galleries&show=all,2026-08-07
KUNSTRAUM,"20 Grand Avenue, #509",http://kunstraumllc.com,https://artguide.artforum.com/artguide/place/new-york?category=galleries&show=all,2026-08-07
Kunstraum LLC,"20 Grand Avenue, #509",http://kunstraumllc.com,https://artguide.artforum.com/artguide/place/new-york?category=galleries&show=all,2026-08-07
kurimanzutto | New York,516 West 20th Street,http://kurimanzutto.com,https://artguide.artforum.com/artguide/place/new-york?category=galleries&show=all,2026-08-07
L. Parker Stephenson Photographs,764 Madison Avenue,http://lparkerstephenson.nyc,https://artguide.artforum.com/artguide/place/new-york?category=galleries&show=all,2026-08-07
L'Space Gallery,524 West 19th Street,http://lspacegallery.com,https://artguide.artforum.com/artguide/place/new-york?category=galleries&show=all,2026-08-07
Last Days Gallery,"11 East 80th Street, 4th Fl.",http://lastdaysgallery.com,https://artguide.artforum.com/artguide/place/new-york?category=galleries&show=all,2026-08-07
LatchKey Gallery,173 Henry Street,http://latchkey-gallery.com,https://artguide.artforum.com/artguide/place/new-york?category=galleries&show=all,2026-08-07
Latinx Project,20 Cooper Square,http://latinxproject.nyu.edu,https://artguide.artforum.com/artguide/place/new-york?category=galleries&show=all,2026-08-07
Laurel Gitlen,Bedford Stuyvesant (DM for address),http://laurelgitlen.com,https://artguide.artforum.com/artguide/place/new-york?category=galleries&show=all,2026-08-07
LAZO | The Loisaida Center,"710 East 9th Street, The Loisaida Center",http://openlazo.com,https://artguide.artforum.com/artguide/place/new-york?category=galleries&show=all,2026-08-07
Le Petit Versailles Community Garden,247 East 2nd Street / 346 East Houston Street,http://facebook.com/PetitVersaillesNYC/,https://artguide.artforum.com/artguide/place/new-york?category=galleries&show=all,2026-08-07
Leila Greiche LLC,Private address,http://leilagreiche.com,https://artguide.artforum.com/artguide/place/new-york?category=galleries&show=all,2026-08-07
Lenfest Center for the Arts | Columbia University School of the Arts,615 West 129th Street,http://lenfest.arts.columbia.edu,https://artguide.artforum.com/artguide/place/new-york?category=galleries&show=all,2026-08-07
Leo Koenig Inc.,"958 Madison Avenue, Floor 3",http://leokoenig.com,https://artguide.artforum.com/artguide/place/new-york?category=galleries&show=all,2026-08-07
Leon Tovar Gallery,26 East 64th Street,http://leontovargallery.com,https://artguide.artforum.com/artguide/place/new-york?category=galleries&show=all,2026-08-07
Leslie Feely,1044 Madison Avenue,http://lesliefeely.com,https://artguide.artforum.com/artguide/place/new-york?category=galleries&show=all,2026-08-07
Leslie Tonkonow Artworks + Projects,"401 Broadway, Suite #411",http://tonkonow.com,https://artguide.artforum.com/artguide/place/new-york?category=galleries&show=all,2026-08-07
Lever House Art Collection,390 Park Avenue,http://leverhouseartcollection.com,https://artguide.artforum.com/artguide/place/new-york?category=galleries&show=all,2026-08-07
Lévy Gorvy Dayan | New York,19 East 64th Street,http://levygorvydayan.com,https://artguide.artforum.com/artguide/place/new-york?category=galleries&show=all,2026-08-07
Library180,"180 Maiden Lane, Floor 26",http://library180.com,https://artguide.artforum.com/artguide/place/new-york?category=galleries&show=all,2026-08-07
Lincoln Glenn | Upper East Side,"17 East 67th Street, Suite #1A",http://lincolnglenn.com,https://artguide.artforum.com/artguide/place/new-york?category=galleries&show=all,2026-08-07
Lisson Gallery | 504 West 24th Street | New York,504 West 24th Street,http://lissongallery.com,https://artguide.artforum.com/artguide/place/new-york?category=galleries&show=all,2026-08-07
Lisson Gallery | 508 West 24th Street | New York,508 West 24th Street,http://lissongallery.com,https://artguide.artforum.com/artguide/place/new-york?category=galleries&show=all,2026-08-07
Liu Shiming Art Foundation,"15 East 40th Street, 5th Fl.",http://lsmartfund.org/gallery,https://artguide.artforum.com/artguide/place/new-york?category=galleries&show=all,2026-08-07
Living Skin,9 Monroe St.,http://livingskin.space,https://artguide.artforum.com/artguide/place/new-york?category=galleries&show=all,2026-08-07
Lobster Club,48 Hester Street,http://lobster-club.com,https://artguide.artforum.com/artguide/place/new-york?category=galleries&show=all,2026-08-07
Lohaus Sominsky | New York,62 White Street,http://lohaussominsky.com,https://artguide.artforum.com/artguide/place/new-york?category=galleries&show=all,2026-08-07
LOMEX,"86 Walker, 3rd Floor | 89 Walker, #2R",http://lomex.gallery,https://artguide.artforum.com/artguide/place/new-york?category=galleries&show=all,2026-08-07
Long Story Short | New York,52 Henry Street,http://lss.gallery/cities/new-york,https://artguide.artforum.com/artguide/place/new-york?category=galleries&show=all,2026-08-07
Long-Sharp Gallery Project Space,"24 West 57th Street, Suite #606",http://longsharpgallery.com,https://artguide.artforum.com/artguide/place/new-york?category=galleries&show=all,2026-08-07
Longwood Art Gallery | Hostos Community College,"450 Grand Concourse, Room C190, Hostos Community College",http://bronxarts.org/programs/connector/longwood-art-project/longwood-art-gallery,https://artguide.artforum.com/artguide/place/new-york?category=galleries&show=all,2026-08-07
Loretta Howard Gallery,521 West 26th Street,http://lorettahoward.com,https://artguide.artforum.com/artguide/place/new-york?category=galleries&show=all,2026-08-07
Lorimoto,16-23 Hancock Street,http://lorimoto.com,https://artguide.artforum.com/artguide/place/new-york?category=galleries&show=all,2026-08-07
Louis K. Meisel Gallery,"141 Prince Street, Ground Floor",http://meiselgallery.com,https://artguide.artforum.com/artguide/place/new-york?category=galleries&show=all,2026-08-07
Lower East Side Printshop,"306 West 37th Street, 6th Floor",http://printshop.org,https://artguide.artforum.com/artguide/place/new-york?category=galleries&show=all,2026-08-07
Lubov,"5 East Broadway, #402",http://lubov.nyc,https://artguide.artforum.com/artguide/place/new-york?category=galleries&show=all,2026-08-07
Luhring Augustine | Tribeca,17 White Street,http://luhringaugustine.com,https://artguide.artforum.com/artguide/place/new-york?category=galleries&show=all,2026-08-07
Luxembourg + Co | New York,"595 Madison Avenue, 6th Floor",http://luxembourgco.com,https://artguide.artforum.com/artguide/place/new-york?category=galleries&show=all,2026-08-07
Lydian Stater,"51-02 21st Street, 4th Floor",http://lydianstater.co,https://artguide.artforum.com/artguide/place/new-york?category=galleries&show=all,2026-08-07
M 2 3,24 Henry Street,http://M23.co,https://artguide.artforum.com/artguide/place/new-york?category=galleries&show=all,2026-08-07
M.David & Co. at Art Cake,214 40th Street,http://mdavidandco.com,https://artguide.artforum.com/artguide/place/new-york?category=galleries&show=all,2026-08-07
Madison Square Park Conservancy,11 Madison Avenue,http://madisonsquarepark.org/art,https://artguide.artforum.com/artguide/place/new-york?category=galleries&show=all,2026-08-07
Magen H Gallery,54 East 11th Street,http://magenxxcentury.com,https://artguide.artforum.com/artguide/place/new-york?category=galleries&show=all,2026-08-07
Main Window DUMBO,1 Main Street,http://mainwindowdumbo.com,https://artguide.artforum.com/artguide/place/new-york?category=galleries&show=all,2026-08-07
Mama Projects,"224 West 30th Street, Suite #604",http://mamaprojects.co,https://artguide.artforum.com/artguide/place/new-york?category=galleries&show=all,2026-08-07
Management,"39 East Broadway, #404",http://management.nyc,https://artguide.artforum.com/artguide/place/new-york?category=galleries&show=all,2026-08-07
Mandarin Express,"147 West 35th St, #211",http://mandarinexpress.org,https://artguide.artforum.com/artguide/place/new-york?category=galleries&show=all,2026-08-07
MARCH,62-64 Avenue A,http://marchgallery.org,https://artguide.artforum.com/artguide/place/new-york?category=galleries&show=all,2026-08-07
Marianne Boesky Gallery | 507 West 24th Street,507 West 24th Street,http://marianneboeskygallery.com,https://artguide.artforum.com/artguide/place/new-york?category=galleries&show=all,2026-08-07
Marianne Boesky Gallery | 509 West 24th Street,509 West 24th Street,http://boeskygallery.com,https://artguide.artforum.com/artguide/place/new-york?category=galleries&show=all,2026-08-07
Mariposa | New York,"150 West 28th Street, Suite 1101",http://mariposa.gallery,https://artguide.artforum.com/artguide/place/new-york?category=galleries&show=all,2026-08-07
Marisa Newman Projects,"38 West 32nd Street, Suite #1602",http://marisanewman.com,https://artguide.artforum.com/artguide/place/new-york?category=galleries&show=all,2026-08-07
Marlborough Graphics,545 West 25th Street,http://marlboroughgraphics.com,https://artguide.artforum.com/artguide/place/new-york?category=galleries&show=all,2026-08-07
Martos Gallery | New York,41 Elizabeth Street,http://martosgallery.com,https://artguide.artforum.com/artguide/place/new-york?category=galleries&show=all,2026-08-07
Massey Klein Gallery,124 Forsyth Street,http://masseyklein.com,https://artguide.artforum.com/artguide/place/new-york?category=galleries&show=all,2026-08-07
Matthew Brown | New York,390 Broadway,http://matthewbrowngallery.com,https://artguide.artforum.com/artguide/place/new-york?category=galleries&show=all,2026-08-07
Matthew Marks Gallery | 522 West 22nd St,522 West 22nd Street,http://matthewmarks.com,https://artguide.artforum.com/artguide/place/new-york?category=galleries&show=all,2026-08-07
Matthew Marks Gallery | 523 West 24th St,523 West 24th Street,http://matthewmarks.com,https://artguide.artforum.com/artguide/place/new-york?category=galleries&show=all,2026-08-07
Matthew Marks Gallery | 526 West 22nd St,526 West 22nd Street,http://matthewmarks.com,https://artguide.artforum.com/artguide/place/new-york?category=galleries&show=all,2026-08-07
Max Levai,529 West 20th Street,http://maxlevai.com,https://artguide.artforum.com/artguide/place/new-york?category=galleries&show=all,2026-08-07
Maxwell Graham,55 Hester Street,http://maxwellgraham.biz,https://artguide.artforum.com/artguide/place/new-york?category=galleries&show=all,2026-08-07
Meredith Rosen Gallery,327 West 36th Street,http://meredithrosengallery.com,https://artguide.artforum.com/artguide/place/new-york?category=galleries&show=all,2026-08-07
Mery Gates,1345 Dekalb Avenue,http://merygates.net,https://artguide.artforum.com/artguide/place/new-york?category=galleries&show=all,2026-08-07
mhPROJECTnyc,"140-142 2nd Avenue, #306",http://mhprojectnyc.com,https://artguide.artforum.com/artguide/place/new-york?category=galleries&show=all,2026-08-07
Michael Werner | Madison Avenue,"1018 Madison Avenue, 4th Fl.",http://michaelwerner.com,https://artguide.artforum.com/artguide/place/new-york?category=galleries&show=all,2026-08-07
MIGNONI,"960 Madison Avenue, 2nd Floor",http://mignoniart.com,https://artguide.artforum.com/artguide/place/new-york?category=galleries&show=all,2026-08-07
Miguel Abreu Gallery | Orchard Street,36 Orchard Street,http://miguelabreugallery.com,https://artguide.artforum.com/artguide/place/new-york?category=galleries&show=all,2026-08-07
mimo,1347 Myrtle Avenue,http://mimomimomimo.com,https://artguide.artforum.com/artguide/place/new-york?category=galleries&show=all,2026-08-07
Miriam,319 Bedford Avenue,http://miriamgallery.com,https://artguide.artforum.com/artguide/place/new-york?category=galleries&show=all,2026-08-07
Mishkin Gallery at Baruch College (CUNY),135 East 22nd Street,http://weissman.baruch.cuny.edu/mishkin-gallery,https://artguide.artforum.com/artguide/place/new-york?category=galleries&show=all,2026-08-07
Mister Fahrenheit,234 West 10th Street,http://misterfahrenheitny.com,https://artguide.artforum.com/artguide/place/new-york?category=galleries&show=all,2026-08-07
Mitchell Algus Gallery,"132 Delancey Street, 2nd Fl.",http://mitchellalgusgallery.com,https://artguide.artforum.com/artguide/place/new-york?category=galleries&show=all,2026-08-07
Mizuma & Kips,"324 Grand Street, Ground Floor",http://mizumakips.com,https://artguide.artforum.com/artguide/place/new-york?category=galleries&show=all,2026-08-07
Modern Fine Art,15 East 76th Street,http://modernfineart.com,https://artguide.artforum.com/artguide/place/new-york?category=galleries&show=all,2026-08-07
Montague Contemporary,"526 West 26th Street, 4th Floor",http://montaguecontemporary.com,https://artguide.artforum.com/artguide/place/new-york?category=galleries&show=all,2026-08-07
Morgan Lehman Gallery,"526 West 26th Street, 4th Floor, Suite #410",http://morganlehmangallery.com,https://artguide.artforum.com/artguide/place/new-york?category=galleries&show=all,2026-08-07
Morgan Presents,537 West 27th Street,http://morgan-presents.com,https://artguide.artforum.com/artguide/place/new-york?category=galleries&show=all,2026-08-07
Morrison Hotel Gallery,"116 Prince Street, 2nd Floor",http://morrisonhotelgallery.com,https://artguide.artforum.com/artguide/place/new-york?category=galleries&show=all,2026-08-07
Morton Street Partners,16 Morton Street,http://mortonstreetpartners.com,https://artguide.artforum.com/artguide/place/new-york?category=galleries&show=all,2026-08-07
Museum 54,16B Orchard Street,http://museum54.com,https://artguide.artforum.com/artguide/place/new-york?category=galleries&show=all,2026-08-07
my pet ram,48 Hester Street,http://mypetram.com,https://artguide.artforum.com/artguide/place/new-york?category=galleries&show=all,2026-08-07
N.A.ME,94 Saratoga Avenue,http://na-me.art,https://artguide.artforum.com/artguide/place/new-york?category=galleries&show=all,2026-08-07
nAd gallery,184 Noll Street,http://narukiartdojo.com,https://artguide.artforum.com/artguide/place/new-york?category=galleries&show=all,2026-08-07
NADA | LUNCH,"311 East Broadway, 2nd Fl.",http://newartdealers.org/lunch,https://artguide.artforum.com/artguide/place/new-york?category=galleries&show=all,2026-08-07
Nagas,"47 W 28th Street, 2nd Floor",http://nagas.art,https://artguide.artforum.com/artguide/place/new-york?category=galleries&show=all,2026-08-07
Nahmad Contemporary,"(980 Madison Avenue, 3rd Floor (Temporarily Closed)",http://nahmadcontemporary.com,https://artguide.artforum.com/artguide/place/new-york?category=galleries&show=all,2026-08-07
Nailya Alexander Gallery,private gallery,http://nailyaalexandergallery.com,https://artguide.artforum.com/artguide/place/new-york?category=galleries&show=all,2026-08-07
Nancy Hoffman Gallery,520 West 27th Street,http://nancyhoffmangallery.com,https://artguide.artforum.com/artguide/place/new-york?category=galleries&show=all,2026-08-07
NARS Foundation,"201 46th Street, 4th & 2nd Floor",http://narsfoundation.org,https://artguide.artforum.com/artguide/place/new-york?category=galleries&show=all,2026-08-07
New Discretions,"515 W 20th Street, 3rd Floor",http://newdiscretions.com,https://artguide.artforum.com/artguide/place/new-york?category=galleries&show=all,2026-08-07
New Uncanny,2335 12th Avenue,http://newuncanny.com,https://artguide.artforum.com/artguide/place/new-york?category=galleries&show=all,2026-08-07
New York Academy of Art,111 Franklin Street,http://nyaa.edu/exhibitions-lectures/upcoming-exhibitions,https://artguide.artforum.com/artguide/place/new-york?category=galleries&show=all,2026-08-07
New York Art Culture,17 Essex Street,http://currentarts.com,https://artguide.artforum.com/artguide/place/new-york?category=galleries&show=all,2026-08-07
New York Life Gallery,"167-169 Canal Street, Floor 5",http://newyorklifegallery.com,https://artguide.artforum.com/artguide/place/new-york?category=galleries&show=all,2026-08-07
New York Live Arts,219 West 19th Street,http://newyorklivearts.org,https://artguide.artforum.com/artguide/place/new-york?category=galleries&show=all,2026-08-07
New York School of Interior Design Gallery,170 East 70th Street,http://nysid.edu/exhibitions,https://artguide.artforum.com/artguide/place/new-york?category=galleries&show=all,2026-08-07
"New York Studio School of Drawing, Painting, and Sculpture",8 West 8th Street,http://nyss.org/exhibitions,https://artguide.artforum.com/artguide/place/new-york?category=galleries&show=all,2026-08-07
Newhouse Center for Contemporary Art | Snug Harbor Cultural Center & Botanical Garden,"1000 Richmond Terrace, Building C & 1st Floor of Building G",http://snug-harbor.org/newhousecenter/,https://artguide.artforum.com/artguide/place/new-york?category=galleries&show=all,2026-08-07
Nicolas Auvray Gallery,522 West 23rd Street,http://nicolasauvraygallery.com,https://artguide.artforum.com/artguide/place/new-york?category=galleries&show=all,2026-08-07
Nicole Klagsbrun,"526 West 26th Street, Room 318",http://nicoleklagsbrun.com,https://artguide.artforum.com/artguide/place/new-york?category=galleries&show=all,2026-08-07
No Inc.,"123 Bowery, 5th Fl.",http://no.inc,https://artguide.artforum.com/artguide/place/new-york?category=galleries&show=all,2026-08-07
Nohra Haime Gallery,500A West 21st Street,http://nohrahaimegallery.com,https://artguide.artforum.com/artguide/place/new-york?category=galleries&show=all,2026-08-07
NORR COHAN | 48 Walker,"48 Walker Street, Ground Floor",http://norrcohan.com,https://artguide.artforum.com/artguide/place/new-york?category=galleries&show=all,2026-08-07
NORR COHAN | 52 Walker,"52 Walker Street, 2nd Floor",http://norrcohan.com,https://artguide.artforum.com/artguide/place/new-york?category=galleries&show=all,2026-08-07
Nunu Fine Art | New York,381 Broome Street,http://nunufineart.com,https://artguide.artforum.com/artguide/place/new-york?category=galleries&show=all,2026-08-07
NYU Casa Italiana Zerilli-Marimò | New York University (NYU),24 West 12th Street,http://casaitaliananyu.org,https://artguide.artforum.com/artguide/place/new-york?category=galleries&show=all,2026-08-07
OCDChinatown,75 East Broadway,http://ocdchinatown.com,https://artguide.artforum.com/artguide/place/new-york?category=galleries&show=all,2026-08-07
Office Space,TBD,http://officespacegallery.com,https://artguide.artforum.com/artguide/place/new-york?category=galleries&show=all,2026-08-07
Okey Dokey Konrad Fischer | New York,9 White Street,http://okeydokeykonradfischer.com,https://artguide.artforum.com/artguide/place/new-york?category=galleries&show=all,2026-08-07
Olfactory Art Keller,25 Henry Street,http://olfactoryartkeller.com,https://artguide.artforum.com/artguide/place/new-york?category=galleries&show=all,2026-08-07
Olney Gleason | Tenth Ave.,297 Tenth Avenue,http://olneygleason.com,https://artguide.artforum.com/artguide/place/new-york?category=galleries&show=all,2026-08-07
On the Fringe,72 Warren Street,http://onthefringeny.com,https://artguide.artforum.com/artguide/place/new-york?category=galleries&show=all,2026-08-07
One Art Space,"23 Warren Street, Gallery #1",http://oneartspace.com,https://artguide.artforum.com/artguide/place/new-york?category=galleries&show=all,2026-08-07
Onishi Gallery,"521 West 26th Street, Basement",http://onishigallery.com,https://artguide.artforum.com/artguide/place/new-york?category=galleries&show=all,2026-08-07
Onna House | SoHo,383 W Broadway,http://onnahouse.com,https://artguide.artforum.com/artguide/place/new-york?category=galleries&show=all,2026-08-07
Oolong Gallery | New York,4 Cortlandt Alley,http://oolongallery.com,https://artguide.artforum.com/artguide/place/new-york?category=galleries&show=all,2026-08-07
Open Source Gallery,306 17th Street,http://open-source-gallery.org,https://artguide.artforum.com/artguide/place/new-york?category=galleries&show=all,2026-08-07
Open Studio,127 Henry Street,http://openstudionyc.com,https://artguide.artforum.com/artguide/place/new-york?category=galleries&show=all,2026-08-07
Opera Gallery | New York,791 Madison Avenue,http://operagallery.com,https://artguide.artforum.com/artguide/place/new-york?category=galleries&show=all,2026-08-07
P.A.D.,SoHo,http://www.instagram.com/project_art_distribution/,https://artguide.artforum.com/artguide/place/new-york?category=galleries&show=all,2026-08-07
Pablo's Birthday,"105 Hudson Street, Apt #410",http://pablosbirthday.com,https://artguide.artforum.com/artguide/place/new-york?category=galleries&show=all,2026-08-07
Pace | African & Oceanic Art,536 West 22nd Street,http://paceafricanart.com,https://artguide.artforum.com/artguide/place/new-york?category=galleries&show=all,2026-08-07
Pace University Art Gallery,"41 Park Row, 1st Floor (Spruce Street entrance)",http://pace.edu/dyson/life-dyson/art-gallery,https://artguide.artforum.com/artguide/place/new-york?category=galleries&show=all,2026-08-07
PAGE (NYC),218 Centre Street,http://page-nyc.com,https://artguide.artforum.com/artguide/place/new-york?category=galleries&show=all,2026-08-07
Palitz Gallery | Lubin House | Syracuse University,11 East 61st Street,http://nyc.syr.edu/about/lubin-house/index.html,https://artguide.artforum.com/artguide/place/new-york?category=galleries&show=all,2026-08-07
palladium/Athena Project,100 Jewel Street,http://instagram.com/palladium.athena.project,https://artguide.artforum.com/artguide/place/new-york?category=galleries&show=all,2026-08-07
Palo Gallery | Bond Street,30 Bond Street,http://palogallery.com,https://artguide.artforum.com/artguide/place/new-york?category=galleries&show=all,2026-08-07
Park Avenue Armory,643 Park Avenue,http://armoryonpark.org,https://artguide.artforum.com/artguide/place/new-york?category=galleries&show=all,2026-08-07
Patrick Leonard Gallery,227 E 24th Street,http://patrickleonardcontemporary.com,https://artguide.artforum.com/artguide/place/new-york?category=galleries&show=all,2026-08-07
Patrick Parrish,Appointment Only at Brooklyn Navy Yard,http://patrickparrish.com,https://artguide.artforum.com/artguide/place/new-york?category=galleries&show=all,2026-08-07
Paul Soto | New York,"121 West 27th Street, Suite #703",http://paulsoto.net,https://artguide.artforum.com/artguide/place/new-york?category=galleries&show=all,2026-08-07
Paula Cooper Gallery | 521 West 21st Street,521 West 21st Street,http://paulacoopergallery.com,https://artguide.artforum.com/artguide/place/new-york?category=galleries&show=all,2026-08-07
Paula Cooper Gallery | 529 West 21st Street,529 W 21st Street,http://paulacoopergallery.com,https://artguide.artforum.com/artguide/place/new-york?category=galleries&show=all,2026-08-07
Paula Cooper Gallery | 534 West 21st Street,534 West 21st Street,http://paulacoopergallery.com,https://artguide.artforum.com/artguide/place/new-york?category=galleries&show=all,2026-08-07
Pearl River Mart Gallery,452 Broadway,http://pearlriver.com/pages/about-our-gallery,https://artguide.artforum.com/artguide/place/new-york?category=galleries&show=all,2026-08-07
Pen and Brush,29 East 22nd Street,http://penandbrush.org,https://artguide.artforum.com/artguide/place/new-york?category=galleries&show=all,2026-08-07
Penumbra Foundation,36 East 30th Street,http://penumbrafoundation.org,https://artguide.artforum.com/artguide/place/new-york?category=galleries&show=all,2026-08-07
Perrotin | New York,130 Orchard Street,http://perrotin.com,https://artguide.artforum.com/artguide/place/new-york?category=galleries&show=all,2026-08-07
PES FUTURES,128 Baxter Street,http://pesfutures.org,https://artguide.artforum.com/artguide/place/new-york?category=galleries&show=all,2026-08-07
Petra Bibeau | New York,18th Street,http://petrabibeau.net,https://artguide.artforum.com/artguide/place/new-york?category=galleries&show=all,2026-08-07
Petzel Gallery | 520 W 25th St,520 West 25th Street,http://petzel.com,https://artguide.artforum.com/artguide/place/new-york?category=galleries&show=all,2026-08-07
Philippe Labaune Gallery,"534 West 24th Street, Ground Floor",http://philippelabaune.com,https://artguide.artforum.com/artguide/place/new-york?category=galleries&show=all,2026-08-07
Picture Room,117 Atlantic Avenue,http://pictureroom.shop,https://artguide.artforum.com/artguide/place/new-york?category=galleries&show=all,2026-08-07
Picture Theory,"548 West 28th Street, Suite #238",http://picturetheoryprojects.com,https://artguide.artforum.com/artguide/place/new-york?category=galleries&show=all,2026-08-07
Pierogi,175 North 9th Street,http://pierogi2000.com,https://artguide.artforum.com/artguide/place/new-york?category=galleries&show=all,2026-08-07
Pierogi | The Boiler,191 North 14th Street,http://pierogi2000.com,https://artguide.artforum.com/artguide/place/new-york?category=galleries&show=all,2026-08-07
Pierre Yovanovitch | New York,555 West 25th Street,http://pierreyovanovitch.com,https://artguide.artforum.com/artguide/place/new-york?category=galleries&show=all,2026-08-07
Pietro Alexander,"59 Wooster Street, 2nd Floor",http://pietroalexander.com,https://artguide.artforum.com/artguide/place/new-york?category=galleries&show=all,2026-08-07
Planthouse,"526 W 26th Street, Suite 416",http://planthouse.net,https://artguide.artforum.com/artguide/place/new-york?category=galleries&show=all,2026-08-07
Platform Project Space,20 Jay Street #319,http://platformprojectspace.com,https://artguide.artforum.com/artguide/place/new-york?category=galleries&show=all,2026-08-07
Plein Ventures,"132 Bowery, 3rd Fl.",http://pleinventures.com,https://artguide.artforum.com/artguide/place/new-york?category=galleries&show=all,2026-08-07
Plum Gallery,105 Henry Street,http://instagram.com/plum.gallery,https://artguide.artforum.com/artguide/place/new-york?category=galleries&show=all,2026-08-07
Pocket Utopia (roving),"@Peep Space, 92 Central Avenue",http://instagram.com/pocket.utopia,https://artguide.artforum.com/artguide/place/new-york?category=galleries&show=all,2026-08-07
Pop Gun,293 23rd Street,http://popgunart.com,https://artguide.artforum.com/artguide/place/new-york?category=galleries&show=all,2026-08-07
Portal 5,"373 Broadway, Suite 511",http://portal-5.com,https://artguide.artforum.com/artguide/place/new-york?category=galleries&show=all,2026-08-07
Post Times,29 Henry Street,http://post-times.com,https://artguide.artforum.com/artguide/place/new-york?category=galleries&show=all,2026-08-07
Postmasters,568 Broadway Ave suite 606,http://postmastersart.com,https://artguide.artforum.com/artguide/place/new-york?category=galleries&show=all,2026-08-07
Praxis | New York,501A West 20th Street,http://praxis-art.com/en,https://artguide.artforum.com/artguide/place/new-york?category=galleries&show=all,2026-08-07
Protocinema | New York,31 Madison Street,http://protocinema.org,https://artguide.artforum.com/artguide/place/new-york?category=galleries&show=all,2026-08-07
PROXYCO GALLERY,88 Eldridge Street,http://proxycogallery.com,https://artguide.artforum.com/artguide/place/new-york?category=galleries&show=all,2026-08-07
Psychic Readings*,629 East 6th Street,http://psychicreadingsgallery.com,https://artguide.artforum.com/artguide/place/new-york?category=galleries&show=all,2026-08-07
Public Art Fund | Lincoln Center,"10 Lincoln Center Plaza, David Geffen Hall",http://publicartfund.org,https://artguide.artforum.com/artguide/place/new-york?category=galleries&show=all,2026-08-07
Public Art Fund | MetroTech Center,"MetroTech Center, City Hall Park",http://publicartfund.org,https://artguide.artforum.com/artguide/place/new-york?category=galleries&show=all,2026-08-07
Public Art Fund | Rockefeller Center,45 Rockefeller Center Plaza,http://publicartfund.org,https://artguide.artforum.com/artguide/place/new-york?category=galleries&show=all,2026-08-07
Ramiken,389 Grand Street,http://ramiken.biz,https://artguide.artforum.com/artguide/place/new-york?category=galleries&show=all,2026-08-07
Recess,46 Washington Avenue,http://recessart.org,https://artguide.artforum.com/artguide/place/new-york?category=galleries&show=all,2026-08-07
Rectangle Room,"Primary Photographic, 113 Eldridge Street",http://rectangleroom.com,https://artguide.artforum.com/artguide/place/new-york?category=galleries&show=all,2026-08-07
Reena Spaulings Fine Art | New York,"165 East Broadway, 2nd Floor",http://reenaspaulings.com,https://artguide.artforum.com/artguide/place/new-york?category=galleries&show=all,2026-08-07
Renee & Chaim Gross Foundation,526 LaGuardia Place,http://rcgrossfoundation.org,https://artguide.artforum.com/artguide/place/new-york?category=galleries&show=all,2026-08-07
Richard Taittinger Gallery,154 Ludlow Street,http://richardtaittinger.com,https://artguide.artforum.com/artguide/place/new-york?category=galleries&show=all,2026-08-07
Rick Wester Fine Art,"526 West 26th Street, Suite 417",http://rickwesterfineart.com,https://artguide.artforum.com/artguide/place/new-york?category=galleries&show=all,2026-08-07
Robert Mann Gallery,"508 West 26th Street, Suite 9F",http://robertmann.com,https://artguide.artforum.com/artguide/place/new-york?category=galleries&show=all,2026-08-07
Robilant + Voena | New York,"19 E 66th Street, 4th Fl.",http://robilantvoena.com,https://artguide.artforum.com/artguide/place/new-york?category=galleries&show=all,2026-08-07
Robin Rice Gallery,325 West 11th Street,http://robinricegallery.com,https://artguide.artforum.com/artguide/place/new-york?category=galleries&show=all,2026-08-07
Room 57 Gallery,235 East 57th Street,http://room57gallery.com,https://artguide.artforum.com/artguide/place/new-york?category=galleries&show=all,2026-08-07
Rosebud Contemporary,"526 West 26th Street, #606",http://rosebudcontemporary.com,https://artguide.artforum.com/artguide/place/new-york?category=galleries&show=all,2026-08-07
Ross+Kramer Gallery | New York,515 West 27th Street,http://rkgallery.com,https://artguide.artforum.com/artguide/place/new-york?category=galleries&show=all,2026-08-07
Roundcube Contemporary,"547 W 27th Street, 4th Fl.",http://roundcubecontemporary.com,https://artguide.artforum.com/artguide/place/new-york?category=galleries&show=all,2026-08-07
Rumpelstiltskin,"34 West 27th Street, #302",http://rumpelstiltskin.biz,https://artguide.artforum.com/artguide/place/new-york?category=galleries&show=all,2026-08-07
Saint Laurent Rive Droite | New York,72 Gansevoort Street,http://ysl.com/en-us/rive-droite/calendar/rachel-rossin-exhibition,https://artguide.artforum.com/artguide/place/new-york?category=galleries&show=all,2026-08-07
Salma Sarriedine,"116 Elizabeth Street, 3rd Fl.",http://salmasarriedine.com,https://artguide.artforum.com/artguide/place/new-york?category=galleries&show=all,2026-08-07
Salon 94,3 East 89th Street,http://salon94.com,https://artguide.artforum.com/artguide/place/new-york?category=galleries&show=all,2026-08-07
Sara's,64 Fulton Street,http://saras.world,https://artguide.artforum.com/artguide/place/new-york?category=galleries&show=all,2026-08-07
SARAHCROWN,"373 Broadway, #215",http://sarahcrown.com,https://artguide.artforum.com/artguide/place/new-york?category=galleries&show=all,2026-08-07
Satchel Projects,"526 West 26th Street, #913",http://satchelprojects.com,https://artguide.artforum.com/artguide/place/new-york?category=galleries&show=all,2026-08-07
SATELLITE GALLERY | New York,279 Broome Street,http://satellite-show.com,https://artguide.artforum.com/artguide/place/new-york?category=galleries&show=all,2026-08-07
Savage Wonderground,89 Franklin Street,http://savagewonderground.org,https://artguide.artforum.com/artguide/place/new-york?category=galleries&show=all,2026-08-07
Sears Peyton Gallery | New York,"210 11th Avenue, Suite #802",http://searspeyton.com,https://artguide.artforum.com/artguide/place/new-york?category=galleries&show=all,2026-08-07
See|Me Gallery,"15 East 40th Street, 11th Fl. @ The BLANC",http://see.me,https://artguide.artforum.com/artguide/place/new-york?category=galleries&show=all,2026-08-07
Selenas Mountain,176 Woodward Ave.,http://selenasmountain.com,https://artguide.artforum.com/artguide/place/new-york?category=galleries&show=all,2026-08-07
Shamnoski Gallery,115 East 72nd Street,http://shamnoski.com,https://artguide.artforum.com/artguide/place/new-york?category=galleries&show=all,2026-08-07
Sheila C. Johnson Design Center | The New School,"66 Fifth Avenue, Ground Floor",http://newschool.edu/parsons/sheila-c-johnson-design-center,https://artguide.artforum.com/artguide/place/new-york?category=galleries&show=all,2026-08-07
Shelter,127 Eldridge Street,http://shelternyc.com,https://artguide.artforum.com/artguide/place/new-york?category=galleries&show=all,2026-08-07
"Shirley Fiterman Art Center | BMCC, CUNY",81 Barclay Street,http://bmcc.cuny.edu/sfac/,https://artguide.artforum.com/artguide/place/new-york?category=galleries&show=all,2026-08-07
Shisanwu at Sheerly Touch-Ya Warehouse,74-12 88th Street,http://shisanwu.net,https://artguide.artforum.com/artguide/place/new-york?category=galleries&show=all,2026-08-07
Shoot The Lobster | New York,138 Eldridge Street,http://shootthelobster.com,https://artguide.artforum.com/artguide/place/new-york?category=galleries&show=all,2026-08-07
signs and symbols,249 East Houston Street,http://signsandsymbols.art,https://artguide.artforum.com/artguide/place/new-york?category=galleries&show=all,2026-08-07
SINCLAIR,"269 Stanhope Street, Lower Level",http://gallerysinclair.com,https://artguide.artforum.com/artguide/place/new-york?category=galleries&show=all,2026-08-07
Site Service,"9 Monroe Street, Basement level",http://site-service.org,https://artguide.artforum.com/artguide/place/new-york?category=galleries&show=all,2026-08-07
Sitting Room,195 Henry Street,http://sittingroomgallery.com,https://artguide.artforum.com/artguide/place/new-york?category=galleries&show=all,2026-08-07
Skarstedt Gallery | East 79th Street,20 East 79th Street,http://skarstedt.com,https://artguide.artforum.com/artguide/place/new-york?category=galleries&show=all,2026-08-07
Skarstedt Gallery | West 25th Street,547 West 25th Street,http://skarstedt.com,https://artguide.artforum.com/artguide/place/new-york?category=galleries&show=all,2026-08-07
Skoto Gallery,"529 West 20th Street, 5th Floor",http://skotogallery.com,https://artguide.artforum.com/artguide/place/new-york?category=galleries&show=all,2026-08-07
Slip House,246 East 5th Street,http://slip-house.com,https://artguide.artforum.com/artguide/place/new-york?category=galleries&show=all,2026-08-07
Smilers,"431 E 6th Street, #B",http://smilers.nyc,https://artguide.artforum.com/artguide/place/new-york?category=galleries&show=all,2026-08-07
Snow Gallery,430 Graham Avenue,http://snowgallerynyc.com,https://artguide.artforum.com/artguide/place/new-york?category=galleries&show=all,2026-08-07
Soft Network,"636 Broadway, #320",http://softnetwork.art,https://artguide.artforum.com/artguide/place/new-york?category=galleries&show=all,2026-08-07
Soho Photo Gallery,15 White Street,http://sohophoto.com,https://artguide.artforum.com/artguide/place/new-york?category=galleries&show=all,2026-08-07
SOHO20 Gallery,56 Bogart Street,http://soho20gallery.com,https://artguide.artforum.com/artguide/place/new-york?category=galleries&show=all,2026-08-07
Sojourner Gallery,"178 Bleecker Street, 2nd Fl.",http://sojournergallery.com,https://artguide.artforum.com/artguide/place/new-york?category=galleries&show=all,2026-08-07
Solas Studio,"117 E 24th Street, 2nd Floor",http://solas.studio,https://artguide.artforum.com/artguide/place/new-york?category=galleries&show=all,2026-08-07
Someday,"120 Walker Street, #3R",http://somedaygallery.com,https://artguide.artforum.com/artguide/place/new-york?category=galleries&show=all,2026-08-07
Sorrel Sky Gallery,419 West Broadway,http://sorrelsky.com,https://artguide.artforum.com/artguide/place/new-york?category=galleries&show=all,2026-08-07
Space ZeroOne,371 Broadway,http://zeroone.space,https://artguide.artforum.com/artguide/place/new-york?category=galleries&show=all,2026-08-07
Space776,"37-39 Clinton Street, 1st Floor",http://space776.com,https://artguide.artforum.com/artguide/place/new-york?category=galleries&show=all,2026-08-07
Spanierman Modern,"958 Madison Avenue, 2nd Fl.",http://spaniermanmodern.com,https://artguide.artforum.com/artguide/place/new-york?category=galleries&show=all,2026-08-07
SPIELZEUG,165 Allen Street,http://spielzeug.gallery,https://artguide.artforum.com/artguide/place/new-york?category=galleries&show=all,2026-08-07
Spill 180,100 N 3rd Street,http://spill180.com,https://artguide.artforum.com/artguide/place/new-york?category=galleries&show=all,2026-08-07
Spoof.Project,15-40 Decatur Street,http://spoofproject.com,https://artguide.artforum.com/artguide/place/new-york?category=galleries&show=all,2026-08-07
Springs Projects,"20 Jay Street, Suite 311B",http://springsprojects.com,https://artguide.artforum.com/artguide/place/new-york?category=galleries&show=all,2026-08-07
Stand4 Gallery,414 78th Street,http://stand4gallery.org,https://artguide.artforum.com/artguide/place/new-york?category=galleries&show=all,2026-08-07
Stephen Street Gallery,16-79 Stephen Street,http://stephenstreetgallery.com,https://artguide.artforum.com/artguide/place/new-york?category=galleries&show=all,2026-08-07
Steven Amedee Gallery,41 N Moore Street,http://stevenamedee.com/exhibitions,https://artguide.artforum.com/artguide/place/new-york?category=galleries&show=all,2026-08-07
Steven S. Powers | Joshua Lowenfels,53 Stanton Street,http://stevenspowers.com,https://artguide.artforum.com/artguide/place/new-york?category=galleries&show=all,2026-08-07
Storage,"52 Walker Street, 4th Fl.",http://storageartgallery.com,https://artguide.artforum.com/artguide/place/new-york?category=galleries&show=all,2026-08-07
strobe,373 Broadway,http://s-t-r-o-b-e.biz,https://artguide.artforum.com/artguide/place/new-york?category=galleries&show=all,2026-08-07
Studio 9D,"508 West 26th Street, Studio 9D",http://instagram.com/studioninedee,https://artguide.artforum.com/artguide/place/new-york?category=galleries&show=all,2026-08-07
Studio in a School Gallery,1 East 53rd Street,http://studioinaschoolgallery.org,https://artguide.artforum.com/artguide/place/new-york?category=galleries&show=all,2026-08-07
Studio Underground,393 B West Broadway,http://studiounderground.co,https://artguide.artforum.com/artguide/place/new-york?category=galleries&show=all,2026-08-07
Studio2M,Email for address,http://studio2mnyc.com,https://artguide.artforum.com/artguide/place/new-york?category=galleries&show=all,2026-08-07
Stuyvesant-Fish House | Cooper Union,21 Stuyvesant Street,http://https://cooper.edu/events-and-exhibitions/exhibitions,https://artguide.artforum.com/artguide/place/new-york?category=galleries&show=all,2026-08-07
Sue Tear,Located Underneath 834 Hart Street,http://suetear.com,https://artguide.artforum.com/artguide/place/new-york?category=galleries&show=all,2026-08-07
Sugarlift,508 West 28th Street,http://sugarlift.com,https://artguide.artforum.com/artguide/place/new-york?category=galleries&show=all,2026-08-07
Summertime,145 Ainslie Street,http://summertimegallery.org,https://artguide.artforum.com/artguide/place/new-york?category=galleries&show=all,2026-08-07
Superhouse,"120 Walker Street, 6R",http://superhouse.us,https://artguide.artforum.com/artguide/place/new-york?category=galleries&show=all,2026-08-07
SVA Chelsea Gallery | School of Visual Arts,"601 West 26th Street, 15th Floor, Starrett Lehigh Building",http://galleries.sva.edu,https://artguide.artforum.com/artguide/place/new-york?category=galleries&show=all,2026-08-07
SVA Flatiron Gallery | School of Visual Arts,133/141 West 21st Street,http://galleries.sva.edu,https://artguide.artforum.com/artguide/place/new-york?category=galleries&show=all,2026-08-07
SVA Gramercy Gallery | School of Visual Arts,"209 East 23rd Street, 1st Fl.",http://galleries.sva.edu,https://artguide.artforum.com/artguide/place/new-york?category=galleries&show=all,2026-08-07
SVA MA Curatorial Practice | School of Visual Arts,"132 West 21st Street, 10th Fl.",http://macp.sva.edu,https://artguide.artforum.com/artguide/place/new-york?category=galleries&show=all,2026-08-07
Swanson Kuball,"9–20 35th Avenue, Suite 2F2",http://swansonkuball.com,https://artguide.artforum.com/artguide/place/new-york?category=galleries&show=all,2026-08-07
Sweet Lorraine Gallery,183 Lorraine Street,http://instagram.com/sweetlorrainegallery,https://artguide.artforum.com/artguide/place/new-york?category=galleries&show=all,2026-08-07
Swiss Institute,38 St Marks Place,http://swissinstitute.net,https://artguide.artforum.com/artguide/place/new-york?category=galleries&show=all,2026-08-07
Swivel Gallery,555 Greenwich Street,http://swivelgallery.com,https://artguide.artforum.com/artguide/place/new-york?category=galleries&show=all,2026-08-07
Taller Boricua Gallery,1680 Lexington Avenue,http://tallerboricua.org,https://artguide.artforum.com/artguide/place/new-york?category=galleries&show=all,2026-08-07
Talwar Gallery | New York,108 East 16th Street,http://talwargallery.com,https://artguide.artforum.com/artguide/place/new-york?category=galleries&show=all,2026-08-07
Taylor Graham | New York,5 East 82nd Street,http://taylorandgraham.com,https://artguide.artforum.com/artguide/place/new-york?category=galleries&show=all,2026-08-07
Temporal Spaces,144 Division Street,http://temporalspacesart.wordpress.com,https://artguide.artforum.com/artguide/place/new-york?category=galleries&show=all,2026-08-07
The 8th Floor | The Shelley & Donald Rubin Foundation,"17 West 17th Street, 8th Floor",http://the8thfloor.org,https://artguide.artforum.com/artguide/place/new-york?category=galleries&show=all,2026-08-07
The Active Space,566 Johnson Avenue,http://activespacestudios.com,https://artguide.artforum.com/artguide/place/new-york?category=galleries&show=all,2026-08-07
The Bishop Gallery,630 Flushing Avenue,http://thebishopgallery.com,https://artguide.artforum.com/artguide/place/new-york?category=galleries&show=all,2026-08-07
THE BLANC,15 East 40th Street,http://theblanc.art,https://artguide.artforum.com/artguide/place/new-york?category=galleries&show=all,2026-08-07
The Boiler | ELM Foundation,191 North 14th Street,http://theboiler191.com,https://artguide.artforum.com/artguide/place/new-york?category=galleries&show=all,2026-08-07
The Brant Foundation | New York,421 East 6th Street,http://brantfoundation.org,https://artguide.artforum.com/artguide/place/new-york?category=galleries&show=all,2026-08-07
The Brick | Brick Aux Gallery,628 Metropolitan Avenue,http://bricktheater.com/brick-aux,https://artguide.artforum.com/artguide/place/new-york?category=galleries&show=all,2026-08-07
The Commons and Rosenberg Gallery | New York University (NYU),"34 Stuyvesant St, New York University",http://steinhardt.nyu.edu/departments/art-and-art-professions/exhibitions-and-events,https://artguide.artforum.com/artguide/place/new-york?category=galleries&show=all,2026-08-07
The Cubiculo,1370 72nd Street,http://instagram.com/thecubiculo,https://artguide.artforum.com/artguide/place/new-york?category=galleries&show=all,2026-08-07
The Current Selection,521 E 14th St,http://thecurrentselection.com,https://artguide.artforum.com/artguide/place/new-york?category=galleries&show=all,2026-08-07
The Development Gallery,75 Leonard Street,http://channelelster.com/art-gallery,https://artguide.artforum.com/artguide/place/new-york?category=galleries&show=all,2026-08-07
The Empty Circle,260 W Broadway 7G,http://theemptycircle.com,https://artguide.artforum.com/artguide/place/new-york?category=galleries&show=all,2026-08-07
The Fridge,"11 East 78th Street, 4th Floor",http://thefridge.tokyo,https://artguide.artforum.com/artguide/place/new-york?category=galleries&show=all,2026-08-07
The Gallery,"1000 Dean Street, Suite 410",http://thegallerythegallerythegallery.com,https://artguide.artforum.com/artguide/place/new-york?category=galleries&show=all,2026-08-07
The Gallery at W83,150 W 83rd St.,http://facebook.com/150W83,https://artguide.artforum.com/artguide/place/new-york?category=galleries&show=all,2026-08-07
The Great Hall | The Cooper Union,"7 East 7th Street, Foundation Building",http://cooper.edu/about/great-hall,https://artguide.artforum.com/artguide/place/new-york?category=galleries&show=all,2026-08-07
The Grove Foundation for the Arts,86 Walker Street,http://grovefoundationforthearts.org,https://artguide.artforum.com/artguide/place/new-york?category=galleries&show=all,2026-08-07
The Hand,601 Wilson Ave,http://thehand.space,https://artguide.artforum.com/artguide/place/new-york?category=galleries&show=all,2026-08-07
"The James Gallery, CUNY Graduate Center","365 Fifth Avenue, CUNY Graduate Center",http://centerforthehumanities.org/james-gallery,https://artguide.artforum.com/artguide/place/new-york?category=galleries&show=all,2026-08-07
The Java Project,252 Java Street,http://thejavaproj.com,https://artguide.artforum.com/artguide/place/new-york?category=galleries&show=all,2026-08-07
The Journal Gallery,45 White Street,http://thejournalgallery.com,https://artguide.artforum.com/artguide/place/new-york?category=galleries&show=all,2026-08-07
The Kitchen,"163B Bank Street, 4th Floor Loft",http://thekitchen.org,https://artguide.artforum.com/artguide/place/new-york?category=galleries&show=all,2026-08-07
The Korea Society,"350 Madison Avenue, 24th Floor",http://koreasociety.org,https://artguide.artforum.com/artguide/place/new-york?category=galleries&show=all,2026-08-07
The LeRoy Neiman Gallery | Columbia University School of the Arts,"310 Dodge Hall (Columbia University), 2960 Broadway",http://arts.columbia.edu/leroy-neiman-gallery,https://artguide.artforum.com/artguide/place/new-york?category=galleries&show=all,2026-08-07
"The Lesbian, Gay, Bisexual, and Transgender Community Center (The Center)",208 West 13th Street,http://gaycenter.org,https://artguide.artforum.com/artguide/place/new-york?category=galleries&show=all,2026-08-07
The Meeting,"West Village. To schedule a visit, please email bill@billcournoyer.com",http://billcournoyer.com,https://artguide.artforum.com/artguide/place/new-york?category=galleries&show=all,2026-08-07
The Opening Gallery,41 Division Street,http://theopeninggallery.com,https://artguide.artforum.com/artguide/place/new-york?category=galleries&show=all,2026-08-07
THE POEM,Visits by appointment,http://thepoem.gallery,https://artguide.artforum.com/artguide/place/new-york?category=galleries&show=all,2026-08-07
The Rubelle and Norman Schafler Gallery | Pratt Institute,200 Willoughby Avenue,http://pratt.edu,https://artguide.artforum.com/artguide/place/new-york?category=galleries&show=all,2026-08-07
The Shirley Project Space,609 Washington Avenue,http://theshirleyprojectspace.com,https://artguide.artforum.com/artguide/place/new-york?category=galleries&show=all,2026-08-07
The Slip,25 Peck Slip,http://theslip.co,https://artguide.artforum.com/artguide/place/new-york?category=galleries&show=all,2026-08-07
The Women’s Darkroom + Gallery,"36 Waverly Avenue, #403",http://thewomensdarkroom.com,https://artguide.artforum.com/artguide/place/new-york?category=galleries&show=all,2026-08-07
Theta,"184 Franklin Street, Lower Level",http://theta.nyc,https://artguide.artforum.com/artguide/place/new-york?category=galleries&show=all,2026-08-07
Thomas Erben Gallery,"526 West 26th Street, 4th Floor",http://thomaserben.com,https://artguide.artforum.com/artguide/place/new-york?category=galleries&show=all,2026-08-07
THOMAS NICKLES PROJECT,47 Orchard Street,http://thomasnickles.com,https://artguide.artforum.com/artguide/place/new-york?category=galleries&show=all,2026-08-07
Thomas VanDyke Gallery,434 39th Street,http://thomasvandyke.com,https://artguide.artforum.com/artguide/place/new-york?category=galleries&show=all,2026-08-07
Throckmorton Fine Art,145 East 57th Street 3rd Floor,http://throckmorton-nyc.com,https://artguide.artforum.com/artguide/place/new-york?category=galleries&show=all,2026-08-07
Tilton Gallery,8 East 76th Street,http://jacktiltongallery.com,https://artguide.artforum.com/artguide/place/new-york?category=galleries&show=all,2026-08-07
times,"151 Lafayette Street, 4th Floor",http://timesny.org,https://artguide.artforum.com/artguide/place/new-york?category=galleries&show=all,2026-08-07
Times Square Arts,1560 Broadway,http://tsq.org/arts,https://artguide.artforum.com/artguide/place/new-york?category=galleries&show=all,2026-08-07
Times Square Space,1500 Broadway Ground Floor,http://instagram.com/timessquarespace,https://artguide.artforum.com/artguide/place/new-york?category=galleries&show=all,2026-08-07
Tina Kim Gallery,525 West 21st Street,http://tinakimgallery.com,https://artguide.artforum.com/artguide/place/new-york?category=galleries&show=all,2026-08-07
Toby,15-68 Summerfield Street,http://instagram.com/toby78___,https://artguide.artforum.com/artguide/place/new-york?category=galleries&show=all,2026-08-07
Tomato Mouse,301 Saratoga Ave,http://tomatomouse.org,https://artguide.artforum.com/artguide/place/new-york?category=galleries&show=all,2026-08-07
Tommaso Calabro | New York,545 W 23rd Street,http://tommasocalabro.com/en,https://artguide.artforum.com/artguide/place/new-york?category=galleries&show=all,2026-08-07
"TOPAZ ARTS, Inc.",55-03 39th Avenue,http://topazarts.org,https://artguide.artforum.com/artguide/place/new-york?category=galleries&show=all,2026-08-07
Triangle Arts Association,"20 Jay Street, Suite #318",http://triangle-arts-association.org,https://artguide.artforum.com/artguide/place/new-york?category=galleries&show=all,2026-08-07
TURN Gallery,"32 East 68th Street, 2nd Floor",http://turngallerynyc.com,https://artguide.artforum.com/artguide/place/new-york?category=galleries&show=all,2026-08-07
Tutu Gallery,contact gallery for address,http://tutugallery.art,https://artguide.artforum.com/artguide/place/new-york?category=galleries&show=all,2026-08-07
Twenty First Gallery,76 Franklin Street,http://21stgallery.com,https://artguide.artforum.com/artguide/place/new-york?category=galleries&show=all,2026-08-07
Two Palms,"38 Crosby Street, 3rd Floor",http://twopalms.us,https://artguide.artforum.com/artguide/place/new-york?category=galleries&show=all,2026-08-07
U-Haul Gallery,Outside Independent Art Fair,http://uhaulgallery.com,https://artguide.artforum.com/artguide/place/new-york?category=galleries&show=all,2026-08-07
UBS Art Gallery,1285 Avenue of Americas,http://ubs.com/art,https://artguide.artforum.com/artguide/place/new-york?category=galleries&show=all,2026-08-07
Ubu Gallery,416 East 59th Street,http://ubugallery.com,https://artguide.artforum.com/artguide/place/new-york?category=galleries&show=all,2026-08-07
Ulrik,"175 Canal Street, 3rd Floor",http://ulrik.nyc,https://artguide.artforum.com/artguide/place/new-york?category=galleries&show=all,2026-08-07
Ulterior Gallery,"424 Broadway, Suite #601",http://ulteriorgallery.com,https://artguide.artforum.com/artguide/place/new-york?category=galleries&show=all,2026-08-07
UNIX Gallery,520 West 24th Street,http://unixgallery.com,https://artguide.artforum.com/artguide/place/new-york?category=galleries&show=all,2026-08-07
Upsilon Gallery | New York,"23 East 67th Street, 3rd Floor",http://upsilongallery.com,https://artguide.artforum.com/artguide/place/new-york?category=galleries&show=all,2026-08-07
Van Alen Institute,303 Bond Street,http://vanalen.org,https://artguide.artforum.com/artguide/place/new-york?category=galleries&show=all,2026-08-07
Van Der Plas Gallery,156 Orchard Street,http://vanderplasgallery.com,https://artguide.artforum.com/artguide/place/new-york?category=galleries&show=all,2026-08-07
Various / Artists,19 Essex Street,http://variousartistsrecords.com,https://artguide.artforum.com/artguide/place/new-york?category=galleries&show=all,2026-08-07
Victoria Munroe Fine Art,"67 East 80th Street, Suite #2",http://victoriamunroefineart.com,https://artguide.artforum.com/artguide/place/new-york?category=galleries&show=all,2026-08-07
Viridian Artists,"548 West 28th Street, Suite #632, 6th Floor",http://viridianartists.com,https://artguide.artforum.com/artguide/place/new-york?category=galleries&show=all,2026-08-07
Vito Schnabel Gallery | Chelsea,455 West 19th Street,http://vitoschnabel.com,https://artguide.artforum.com/artguide/place/new-york?category=galleries&show=all,2026-08-07
Voltz Clarke Gallery,195 Chrystie Street,http://voltzclarke.com,https://artguide.artforum.com/artguide/place/new-york?category=galleries&show=all,2026-08-07
Warnes Contemporary,"52 2nd Avenue, Suite 40",http://warnescontemporary.com,https://artguide.artforum.com/artguide/place/new-york?category=galleries&show=all,2026-08-07
Washburn Gallery,177 Tenth Avenue,http://washburngallery.com,https://artguide.artforum.com/artguide/place/new-york?category=galleries&show=all,2026-08-07
Waterfall Mansion & Gallery,Appointment Only,http://waterfall-gallery.com,https://artguide.artforum.com/artguide/place/new-york?category=galleries&show=all,2026-08-07
Welancora Gallery,33 Herkimer Street,http://welancoragallery.com,https://artguide.artforum.com/artguide/place/new-york?category=galleries&show=all,2026-08-07
Westbeth Gallery,55 Bethune Street,http://westbeth.org,https://artguide.artforum.com/artguide/place/new-york?category=galleries&show=all,2026-08-07
White Columns,91 Horatio Street,http://whitecolumns.org,https://artguide.artforum.com/artguide/place/new-york?category=galleries&show=all,2026-08-07
WhiteBox,9 Avenue B,http://whiteboxny.org,https://artguide.artforum.com/artguide/place/new-york?category=galleries&show=all,2026-08-07
Will Shott,17 Pike Street,http://willshott.com,https://artguide.artforum.com/artguide/place/new-york?category=galleries&show=all,2026-08-07
WINDOW,91 Walker Street,http://antonkerngallery.com,https://artguide.artforum.com/artguide/place/new-york?category=galleries&show=all,2026-08-07
Wolf Hill,"380 Broadway, 4th Fl.",http://wolfhillny.com,https://artguide.artforum.com/artguide/place/new-york?category=galleries&show=all,2026-08-07
Wook + Lattuada Gallery,"9 East 53rd Street, 3rd Floor",http://9 East 53rd Street,https://artguide.artforum.com/artguide/place/new-york?category=galleries&show=all,2026-08-07
Wschód | New York,136 Orchard Street,http://galeriawschod.com,https://artguide.artforum.com/artguide/place/new-york?category=galleries&show=all,2026-08-07
Yares Art | New York,"745 Fifth Avenue, 4th Floor",http://yaresart.com,https://artguide.artforum.com/artguide/place/new-york?category=galleries&show=all,2026-08-07
Yeh Art Gallery | St. John's University,"St. John's University, 8000 Utopia Parkway",http://sjuartgallery.org,https://artguide.artforum.com/artguide/place/new-york?category=galleries&show=all,2026-08-07
YI GALLERY,"254 36th Street, Suite B634, Building 2, Industry City",http://gallery-yi.com,https://artguide.artforum.com/artguide/place/new-york?category=galleries&show=all,2026-08-07
Yoshii Gallery,933 Madison Avenue,http://yoshiigallery.com,https://artguide.artforum.com/artguide/place/new-york?category=galleries&show=all,2026-08-07
ZAZ10TS,10 Times Square,http://zaz10ts.com,https://artguide.artforum.com/artguide/place/new-york?category=galleries&show=all,2026-08-07
Zepster Gallery,220 Bogart Street,http://zepstergallery.com,https://artguide.artforum.com/artguide/place/new-york?category=galleries&show=all,2026-08-07
Zürcher Gallery | New York,33 Bleecker Street,http://galeriezurcher.com,https://artguide.artforum.com/artguide/place/new-york?category=galleries&show=all,2026-08-07
