name,location_label,address,city,website,status,closed_evidence,source,artguide_address,method,extracted_date
:iidrr Gallery,,162 Allen Street,New York,http://iidrr.com,unclear,,artguide,162 Allen Street,browserbase,2026-08-07
14BC Gallery,14BC Gallery,626 East 14th Street,NYC,http://14bcgallery.org,open,,artguide,626 East 14th Street,http:homepage,2026-08-07
15 Orient,15 Orient,Cortlandt Alley,New York,http://15orient.com,open,,artguide,"72 Walker Street, 3rd Floor",http:homepage,2026-08-07
1969 Gallery,,184 East 2nd Street,New York,http://1969gallery.com,unclear,,artguide,184 East 2nd Street,browserbase,2026-08-07
205 Hudson Gallery,Hunter College (CUNY),205 Hudson Street,New York,http://205hudsongallery.org,unclear,,artguide,205 Hudson Street,http:/about,2026-08-07
303 Gallery,,555 W 21st Street,New York,https://www.303gallery.com/,open,,major-added,,http:/about,2026-08-07
3A Gallery,,"179 Canal Street, #5A",New York,http://3agallery.com,open,,artguide,"179 Canal Street, #5A",http:homepage,2026-08-07
41 Cooper Gallery,41 Cooper Gallery,41 Cooper Square,New York,http://cooper.edu/about/galleries-auditoriums/41-cooper-gallery,open,,artguide,41 Cooper Square,http:homepage,2026-08-07
47 Canal,,,New York,https://www.47canal.us/,unclear,,major-added,,http:homepage,2026-08-07
47 Canal,,529 West 20th Street,New York,http://47canal.us,unclear,,artguide,529 West 20th Street,http:homepage,2026-08-07
490 Atlantic,490 Atlantic,490 Atlantic Avenue,Brooklyn,http://490atlantic.com,open,,artguide,490 Atlantic Avenue,browserbase,2026-08-07
5-50 Gallery,,5-50 51st Avenue,New York,http://5-50gallery.com,unclear,,artguide,5-50 51st Avenue,http:homepage,2026-08-07
56 Henry,105 Henry Street,105 Henry Street,New York,http://56henry.nyc,unclear,,artguide,105 Henry Street,browserbase,2026-08-07
56 Henry,56 Henry Street,56 Henry Street,New York,http://56henry.nyc,unclear,,artguide,56 Henry Street,browserbase,2026-08-07
57W57 ARTS,,501 5th Ave. Suite 701,"New York, NY",http://57w57arts.com,open,,artguide,"501 Fifth Avenue, Suite #701",http:/contact,2026-08-07
71 Contemporary,,30 East 71st Street,New York,http://71c.co,unclear,,artguide,30 East 71st Street,browserbase,2026-08-07
95 Gallon Gallery,,297 Grand Street,New York,http://95gallon.com,unclear,,artguide,297 Grand Street,browserbase,2026-08-07
99CANAL,,"99 Canal Street, New York, NY 10002 - 6th fl",New York,http://99canal.net,open,,artguide,"99 Canal Street, 6th Fl.",http:homepage,2026-08-07
A365,,"365 Canal Street, #5B",New York,http://jag-projects.com,unclear,,artguide,"365 Canal Street, #5B",browserbase,2026-08-07
ABRI MARS,,53a Stanton Street,New York,http://abrimars.com,open,,artguide,53a Stanton Street,http:/about,2026-08-07
Abrons Arts Center,Abrons Arts Center,466 Grand Street (at Pitt Street),"New York, NY",http://abronsartscenter.org,open,,artguide,466 Grand Street,http:homepage,2026-08-07
Accent Sisters,Accent Sisters Bookstore,89 5th Ave #702,New York,http://accentaccent.com,open,,artguide,"89 5th Avenue, Suite 702",http:/info,2026-08-07
Acquavella Galleries,NEW YORK,18 East Seventy-Ninth Street,New York,http://acquavellagalleries.com,open,,artguide,18 East 79th Street,http:homepage,2026-08-07
Adelson Galleries,New York,"595 Madison Avenue, 4th Floor, The Fuller Building",New York,http://adelsongalleries.com,unclear,,artguide,"595 Madison Avenue, 4th Floor, The Fuller Building",http:homepage,2026-08-07
Adler Beatty,,34 East 69th Street,New York,http://adlerbeatty.com,unclear,,artguide,34 East 69th Street,browserbase,2026-08-07
Affirmation Arts,,"415 West 13th St, 8th Floor",New York,http://www.affirmationarts.com,open,,artguide,"415 West 13th Street, 8th Fl.",browserbase,2026-08-07
Aguirre,,49 Walker Street,New York,http://aguirree.com,unclear,,artguide,49 Walker Street,browserbase,2026-08-07
AHL Foundation,,2605 Frederick Douglass Blvd.,New York,http://ahlfoundation.org,open,,artguide,"2605 Frederick Douglass Blvd, #C1",http:homepage,2026-08-07
Aicon Art,,35 Great Jones Street,New York,http://aicon.art,open,,artguide,35 Great Jones Street,http:/about,2026-08-07
AILSA,,"Bed-Stuy, DM for address",New York,http://ailsa-ny.com,unclear,,artguide,"Bed-Stuy, DM for address",browserbase,2026-08-07
Alessandro Berni Gallery,,511 West 25th Street,"New York, NY",http://alessandrobernigallery.com,open,,artguide,511 West 25th Street,browserbase,2026-08-07
Alexander Berggruen,,,New York,https://alexanderberggruen.com/,unclear,,major-added,,http:/about,2026-08-07
Alexander Gray Associates,,384 Broadway,New York,http://alexandergray.com,open,,artguide,384 Broadway,http:homepage,2026-08-07
Alexandre Gallery,Upper East Side,"25 East 73rd Street, Second & Third Floors, Buzzer 3",New York,http://alexandregallery.com,open,,artguide,25 East 73rd Street,http:/contact,2026-08-07
Alisan Fine Arts,,"120 East 65th Street, New York, NY 10065, USA",New York,http://alisan.com.hk/en,open,,artguide,120 East 65th Street,http:homepage,2026-08-07
Alison Bradley Projects,ALISON BRADLEY PROJECTS,526 W 26th St. #814,New York,http://alisonbradleyprojects.com,open,,artguide,"526 West 26th Street, Suite 814",http:homepage,2026-08-07
All Street Gallery,Hester Street,119 Hester St.,New York,http://allstnyc.com,open,,artguide,77 East Third Street,browserbase,2026-08-07
All Street Gallery,3rd Street,77 East 3rd St.,New York,http://allstnyc.com,open,,artguide,77 East Third Street,browserbase,2026-08-07
Allen Street Gallery,,65 Allen Street,New York,http://allenstreetgallery.com,open,,artguide,65 Allen Street,http:homepage,2026-08-07
Allouche Gallery,New York,330 Spring Street,"New York, NY 10013",http://allouchegallery.com,open,,artguide,77 Mercer Street,http:homepage,2026-08-07
Almine Rech,New York,New York,New York,https://www.alminerech.com/,open,,major-added,,http:homepage,2026-08-07
Alyssa Davis Gallery,,"28 Warren St, Floor 4",New York,http://alyssadavis.gallery,open,,artguide,"28 Warren St, 4th Floor",http:homepage,2026-08-07
Alyssa Davis Gallery,,565 Broome,New York,http://alyssadavis.gallery,open,,artguide,"28 Warren St, 4th Floor",http:homepage,2026-08-07
American Art Catalogues,,239 West 4th Street,New York,http://americanartcatalogues.com,unclear,,artguide,239 West 4th Street,browserbase,2026-08-07
Americas Society,,680 Park Avenue,New York,http://as-coa.org/visual-arts,open,,artguide,680 Park Avenue,http:homepage,2026-08-07
Amsterdam Whitney Gallery,Amsterdam Whitney Gallery,210 Eleventh Avenue (between 24th & 25th Street) Chelsea,"New York, NY 10001",http://amsterdamwhitneygallery.com,open,,artguide,210 11th Avenue,http:homepage,2026-08-07
Anders Wahlstedt Fine Art,,"526 West 26th Street, Suite 508",New York,http://wahlstedtart.com,open,,artguide,"526 West 26th Street, Chelsea Art Building, Suite #508",browserbase,2026-08-07
Andrea Rosen Gallery,,544 West 24th Street,New York,https://www.andrearosengallery.com/,open,,major-added,,browserbase,2026-08-07
Andrew Edlin Gallery,,,New York,https://andrewedlin.com/,unclear,,major-added,,browserbase,2026-08-07
Andrew Kreps,,22 Cortlandt Alley,New York,http://andrewkreps.com,open,,artguide,55 Walker Street,http:/contact,2026-08-07
Andrew Kreps,,"394 Broadway, Ground Floor",New York,http://andrewkreps.com,open,,artguide,55 Walker Street,http:/contact,2026-08-07
Andrew Kreps Gallery,,22 Cortlandt Alley,New York,https://www.andrewkreps.com/,open,,major-added,,http:/contact,2026-08-07
Andrew Kreps Gallery,,"394 Broadway, Ground Floor",New York,https://www.andrewkreps.com/,open,,major-added,,http:/contact,2026-08-07
Andrew Reed Gallery,New York,35 Lispenard Street,New York,http://andrewreedgallery.com,unclear,,artguide,35 Lispenard Street,browserbase,2026-08-07
ANOTHER SPACE,,Chelsea,New York,http://anotherspace.org,unclear,,artguide,Chelsea,http:homepage,2026-08-07
Anthology Film Archives,Anthology Film Archives,32 Second Avenue,New York,http://anthologyfilmarchives.org,open,,artguide,32 Second Avenue,http:/about,2026-08-07
Anton Kern Gallery,,,New York,https://www.antonkern.com/,unclear,,major-added,,browserbase,2026-08-07
Anya and Andrew Shiva Gallery,Anya and Andrew Shiva Gallery,11th Avenue and 59th Street,New York City,http://shivagallery.org,open,,artguide,"860 11th Ave, John Jay College of Criminal Justice",http:homepage,2026-08-07
Apartment Gallery,,580 Woodward Avenue,New York,http://instagram.com/ridgewood_apartmentgallery,unclear,,artguide,580 Woodward Avenue,browserbase,2026-08-07
aperture,,380 Columbus Avenue,New York,http://aperture.org,unclear,,artguide,"548 West 28th Street, 4th Floor",http:homepage,2026-08-07
Art Gallery Studio 41,Studio 41,27-15 41st Avenue,Long Island City,http://studio41lic.com,open,,artguide,"27-15 41st Avenue, 1st Floor",http:homepage,2026-08-07
Art Gotham,LOWER EAST SIDE,125 Rivington Street,New York,http://artgotham.com,open,,artguide,4 Saint Mark's Place,http:homepage,2026-08-07
Art Gotham,EAST VILLAGE,4 Saint Marks Place,New York,http://artgotham.com,open,,artguide,4 Saint Mark's Place,http:homepage,2026-08-07
Art Gotham,SOHO,478 West Broadway,New York,http://artgotham.com,open,,artguide,4 Saint Mark's Place,http:homepage,2026-08-07
Art Lot,,206 Columbia Street,New York,http://artlotbrooklyn.com,unclear,,artguide,206 Columbia Street,browserbase,2026-08-07
Art Projects International,,"434 Greenwich Street, Ground Floor",New York,http://artprojects.com,open,,artguide,"434 Greenwich Street, Ground Floor",http:/about,2026-08-07
Artemisa Gallery,,347 West 21st Street,New York,http://artemisagallery.com,unclear,,artguide,347 West 21st Street,browserbase,2026-08-07
Artifact Projects,,155 Suffolk Street,New York,http://artifactnyc.net,open,,artguide,155 Suffolk Street,http:/about,2026-08-07
Arton Contemporary,,"521 Madison Avenue, New York, NY, 10022",New York,http://artoncontemporary.com,open,,artguide,521 Madison Avenue,http:homepage,2026-08-07
Asia Art Archive in America,Vilcek Foundation,21 E 70th St,"New York, NY",http://aaa-a.org,open,,artguide,23 Cranberry Street,http:homepage,2026-08-07
Asia Art Archive in America,Asia Art Archive in America,23 Cranberry Street,"Brooklyn, NY",http://aaa-a.org,open,,artguide,23 Cranberry Street,http:homepage,2026-08-07
Asia Art Archive in America,Amant,315 Maujer St.,"Brooklyn, NY",http://aaa-a.org,open,,artguide,23 Cranberry Street,http:homepage,2026-08-07
Asian/Pacific/American Institute,New York University (NYU),"20 Cooper Square, 1st Fl.",New York,http://apa.nyu.edu,unclear,,artguide,"20 Cooper Square, 1st Fl.",http:homepage,2026-08-07
Astor Weeks,Astor Weeks,"209 Canal Street, Third Floor","New York, NY",http://astorweeksny.com,open,,artguide,"209 Canal Street, #3",http:homepage,2026-08-07
Astroläbe Contemporary,,311 Greenwich St,New York,http://astrolabe.art,unclear,,artguide,311 Greenwich St,browserbase,2026-08-07
Atamian Hovsepian Curatorial Practice,,227 East 24th Street,New York,http://atamianhovsepian.art,unclear,,artguide,227 East 24th Street,browserbase,2026-08-07
Ateliers Courbet,,134 10TH AVE,NEW YORK,http://atelierscourbet.com,open,,artguide,134 10th Avenue,http:homepage,2026-08-07
Atlantic Gallery,,548 West 28th Street,New York,http://atlanticgallery.org,unclear,,artguide,"548 West 28th Street, Suite 540",browserbase,2026-08-07
Atlantic Gallery,,"Suite 540, 547 West 27th Street",New York,http://atlanticgallery.org,unclear,,artguide,"548 West 28th Street, Suite 540",browserbase,2026-08-07
Austrian Cultural Forum New York,Austrian Cultural Forum New York,11 East 52nd Street,New York,http://www.acfny.org,open,,artguide,11 East 52nd Street,http:/visit,2026-08-07
Auxier Kline,,19 Monroe Street,New York,http://auxierkline.com,open,,artguide,19 Monroe Street,browserbase,2026-08-07
Auxiliary Projects,,212R Norman Ave,Brooklyn,http://auxiliaryprojects.com,open,,artguide,212R Norman Avenue,http:/about,2026-08-07
BANK,New York,127 Elizabeth Street,New York,http://bankmabsociety.com,open,,artguide,127 Elizabeth Street,http:homepage,2026-08-07
Barbara Mathes Gallery,,"22 East 80th Street, 3rd Fl.",New York,http://barbaramathesgallery.com,unclear,,artguide,"22 East 80th Street, 3rd Fl.",browserbase,2026-08-07
Bard Graduate Center Gallery,Bard Graduate Center Gallery,18 West 86th St.,New York,http://bgc.bard.edu/gallery/,open,,artguide,18 West 86th Street,http:homepage,2026-08-07
Barro,New York,"25 Peck Slip, Ground Floor",New York,http://barro.cc,closed,The page displays 'Ahora CERRADO' (Now CLOSED) in the main navigation area.,artguide,"25 Peck Slip, Ground Floor",http:homepage,2026-08-07
Below Grand,52 Allen St.,52 Allen Street,New York,http://belowgrandnyc.com,unclear,,artguide,52 Allen Street,browserbase,2026-08-07
Below Grand,53 Orchard St.,53 Orchard Street,New York,http://belowgrandnyc.com,unclear,,artguide,53 Orchard Street,browserbase,2026-08-07
Benny's Video,,28 Varick Avenue,New York,http://bennysvideo.com,unclear,,artguide,28 Varick Avenue,http:homepage,2026-08-07
Bertha and Karl Leubsdorf Art Gallery,Hunter College (CUNY),"132 East 68th Street, Hunter West Building",New York,http://leubsdorfgallery.org,unclear,,artguide,"132 East 68th Street, Hunter West Building",http:/about,2026-08-07
Betty Cuningham Gallery,,41 Union Square West #923,New York,http://bettycuninghamgallery.com,unclear,,artguide,41 Union Square West #923,browserbase,2026-08-07
Bianca DAlessandro,,,New York,https://www.biancadalessandro.com/,open,,major-added,,http:homepage,2026-08-07
Bienvenu Steinberg & C,,35 Walker Street,New York,http://bsandcgallery.com,unclear,,artguide,35 Walker Street,browserbase,2026-08-07
Bill Hodges Gallery,,"529 West 20th Street, Unit #10E",New York,http://billhodgesgallery.com,unclear,,artguide,"529 West 20th Street, Unit #10E",http:homepage,2026-08-07
bitforms gallery,bitforms gallery,131 Allen St.,NYC,http://bitforms.art,open,,artguide,131 Allen Street,http:homepage,2026-08-07
bitforms gallery,New Museum,235 Bowery,New York,http://bitforms.art,open,,artguide,131 Allen Street,http:homepage,2026-08-07
Bitter,,45 Division Street,New York,http://bitter.nyc,unclear,,artguide,45 Division Street,browserbase,2026-08-07
Blade Study,,17 Pike Street,New York,http://bladestudy.net,open,,artguide,17 Pike Street,http:homepage,2026-08-07
Blank Forms,Blank Forms,468 Grand Avenue #1D / #3D,Brooklyn,http://blankforms.org,open,,artguide,"468 Grand Ave, Suites 3D & 1D",http:homepage,2026-08-07
BLANK SPACE,Chelsea,"Chelsea, New York",New York,http://blankspaceart.com,open,,artguide,"547 West 27th Street, Suite #209",http:homepage,2026-08-07
Blue Door Gallery,,Boerum Hill,New York,http://bluedoor.art,unclear,,artguide,Boerum Hill,browserbase,2026-08-07
Blum,,,New York,https://www.blum.com/us/en/,unclear,,major-added,,http:homepage,2026-08-07
Bob's Gallery,,334 Broome Street,New York,http://bobsgallery.org,unclear,,artguide,334 Broome Street,browserbase,2026-08-07
Bookstein Projects,,"39 East 78th Street, 4th Floor",New York,http://booksteinprojects.com,open,,artguide,"39 East 78th Street, 4th Floor",http:/contact,2026-08-07
Bortolami,,,New York,https://www.bortolami.com/,open,,major-added,,browserbase,2026-08-07
Bowery Gallery,Bowery Gallery,"547 West 27th St, Suite 508",New York,http://bowerygallery.org,open,,artguide,"547 West 27th Street, Suite #508",http:homepage,2026-08-07
Brackett Creek Exhibitions,New York,25 Jay Street,New York,http://brackettcreekexhibitions.com,unclear,,artguide,25 Jay Street,browserbase,2026-08-07
Brâncuși Gallery,Romanian Cultural Institute in New York,"200 East 38th Street, New York, NY 10016",New York,http://rciusa.info,open,,artguide,200 East 38th Street,http:homepage,2026-08-07
BravinLee Programs,,"526 West 26th Street, Suite #211",New York,http://bravinlee.com,unclear,,artguide,"526 West 26th Street, Suite #211",browserbase,2026-08-07
BRIC,,647 Fulton Street,New York,http://BRICartsmedia.org,unclear,,artguide,647 Fulton Street,http:homepage,2026-08-07
Brief Histories,Brief Histories,"115 Bowery, No. 201",New York,http://briefhistories.art,open,,artguide,115 Bowery,http:/contact,2026-08-07
BronxArtSpace,BronxArtSpace,"700 Manida Street, Ground Floor",Bronx,http://bronxartspace.com,open,,artguide,700 Manida Street,http:homepage,2026-08-07
Brooklyn Academy of Music (BAM),Peter Jay Sharp Building,30 Lafayette Avenue,New York,http://BAM.org,unclear,,artguide,30 Lafayette Avenue,http:homepage,2026-08-07
Brooklyn Public Library,Brooklyn Heights Library,Brooklyn Heights Library,Brooklyn,http://bklynlibrary.org/exhibitions/bebonkwe-brown-urban,open,,artguide,286 Cadman Plaza West,http:homepage,2026-08-07
Bureau,,,New York,https://bureau-inc.com/,open,,major-added,,browserbase,2026-08-07
Bureau,,112 Duane Street,New York,http://bureau-inc.com,open,,artguide,112 Duane Street,browserbase,2026-08-07
Butler Library,Rare Book & Manuscript Library,"6th Floor East Butler Library, 535 West 114th St.",New York,http://library.columbia.edu/libraries/rbml.html,open,,artguide,"Columbia University, Rare Book & Manuscript Library Butler Library, 6th Floor, 535 West 114th Street",http:homepage,2026-08-07
C+C Photography Gallery,New York,"3 West 57th Street, 4th Floor, New York, NY 10019",New York,http://candcgallery.com,open,,artguide,"3 West 57th Street, 4th Floor",browserbase,2026-08-07
Canada,CANADA,60 Lispenard St,New York,https://canadanewyork.com/,open,,major-added,,http:homepage,2026-08-07
Canal Projects,,351 Canal Street,New York,http://canalprojects.org,closed,"On May 26, 2026, CANAL PROJECTS™ closed its physical doors as an exhibition space and officially entered its second phase to focus on funding and grant-making.",artguide,351 Canal Street,browserbase,2026-08-07
Carracci Art,,"368 Broadway, Suite #305",New York,http://carracciart.com,unclear,,artguide,"368 Broadway, Suite #305",browserbase,2026-08-07
carriage trade,,"277 Grand Street, 2nd Fl.",New York,http://carriagetrade.org,unclear,,artguide,"277 Grand Street, 2nd Fl.",browserbase,2026-08-07
Casey Kaplan,Casey Kaplan,121 WEST 27TH STREET,New York,http://caseykaplangallery.com,open,,artguide,121 West 27th Street,browserbase,2026-08-07
Castelli Gallery,,18 EAST 77,New York,http://castelligallery.com,open,,artguide,"24 West 40th Street, 2nd Floor",http:/about,2026-08-07
Castelli Gallery,,24 WEST 40,New York,http://castelligallery.com,open,,artguide,"24 West 40th Street, 2nd Floor",http:/about,2026-08-07
"Cecilia de Torres, Ltd.",Cecilia De Torres Ltd,134-140 Greene St.,New York,http://ceciliadetorres.com,open,,artguide,134-140 Greene Street,browserbase,2026-08-07
Center for Book Arts,,"28 West 27th St, 3rd Fl","New York, NY",http://centerforbookarts.org,open,,artguide,"28 West 27th Street, 3rd Floor",http:homepage,2026-08-07
Ceres Gallery,Ceres Gallery,"Landmark Arts Building, 547 West 27 St. Suite 201",New York,http://ceresgallery.org,open,,artguide,"547 West 27th Street, Suite #201",http:/about,2026-08-07
Ceysson & Bénétière,New York,956 Madison Avenue,New York,http://ceyssonbenetiere.com/en,open,,artguide,956 Madison Avenue,browserbase,2026-08-07
Chambers Fine Art,,"55 East 11th St, 5th Floor",New York,http://chambersfineart.com,unclear,,artguide,55 East 11th Street,browserbase,2026-08-07
Chapter NY,Chapter NY,60 Walker Street,New York,https://chapter-ny.com/,open,,major-added,,browserbase,2026-08-07
Charles Moffett,,"394 Broadway, Second Floor",New York,https://charlesmoffett.com/,open,,major-added,,http:homepage,2026-08-07
CHARMOLI CIARMOLI,,"32 E Broadway 6fl, elevator access",New York,http://charmoliciarmoli.com,unclear,,artguide,"32 E Broadway 6fl, elevator access",browserbase,2026-08-07
Chase Contemporary,,413-415 West Broadway,New York,http://chasecontemporary.com,unclear,,artguide,413-415 West Broadway,browserbase,2026-08-07
ChaShaMa 1 Brooklyn Bridge Park,,733 3rd Avenue 2nd Floor,New York,http://chashama.org,open,,artguide,1 Brooklyn Bridge Park,http:homepage,2026-08-07
Cheim & Read,,23 East 67th Street,New York,https://cheimread.com/,closed,Cheim & Read concluded it's public exhibition programming in 2023.,major-added,,http:/contact,2026-08-07
Cheim & Read,,547 West 25th Street,New York,https://cheimread.com/,closed,Cheim & Read concluded it's public exhibition programming in 2023.,major-added,,http:/contact,2026-08-07
Chelsea Walls,,231 Tenth Avenue,New York,http://chelseawalls.com,open,,artguide,231 Tenth Avenue,browserbase,2026-08-07
Cherkovski,,86 South 8th Street,New York,http://cherkovski.com,unclear,,artguide,86 South 8th Street,browserbase,2026-08-07
Chinatown Soup,Chinatown Soup,16B Orchard Street,New York,http://chinatownsoup.nyc,open,,artguide,16B Orchard Street,http:homepage,2026-08-07
Chorus Projects,,59 Jefferson Street,New York,http://chorusprojects.com,unclear,,artguide,59 Jefferson Street,browserbase,2026-08-07
Chozick Family Art Gallery,Chozick Family Art Gallery,"370 Broadway, 2nd Floor",New York,http://chozickfamilyartgallery.com,open,,artguide,"370 Broadway, 2nd Floor",http:/about,2026-08-07
Cierah,,"110 Suffolk St, Apt #1A",New York,http://cierah.com,unclear,,artguide,"110 Suffolk St, Apt #1A",browserbase,2026-08-07
Cindy Rucker Gallery,,143B Orchard Street,New York,http://cindyruckergallery.com,unclear,,artguide,143B Orchard Street,browserbase,2026-08-07
Citygroup,,104B Forsyth Street,New York,http://citygroup.nyc,unclear,,artguide,104B Forsyth Street,browserbase,2026-08-07
Clearing,,,New York,https://clearing.com/,unclear,,major-added,,http:homepage,2026-08-07
CLEARSKY,New York,925 Bergen Street,New York,http://clearsky.art,unclear,,artguide,925 Bergen Street,browserbase,2026-08-07
COLNAGHI,New York,"23 East 67th Street, 4th Floor",New York,http://colnaghi.com,unclear,,artguide,"23 East 67th Street, 4th Floor",http:homepage,2026-08-07
Company Gallery,,,New York,https://www.company.com/,unclear,,major-added,,browserbase,2026-08-07
COMPANY Gallery,Visit,145 Elizabeth Street,"New York, New York 10012",http://companygallery.us,open,,artguide,145 Elizabeth Street,browserbase,2026-08-07
COMPANY Gallery,Mailing Address,356 Broome Street,"New York, New York 10013",http://companygallery.us,open,,artguide,145 Elizabeth Street,browserbase,2026-08-07
Contact Photo,,51 Porter Ave,Brooklyn,http://contactphoto.org/exhibitions,open,,artguide,51 Porter Avenue,http:homepage,2026-08-07
Court Tree Collective,Court Tree Collective,"51 35th Street, BLD #5 2nd FL, Suite B236","Brooklyn, NY 11232",http://courttree.com,open,,artguide,"51 35th Street, BLD #5, 2nd Floor",http:homepage,2026-08-07
Court Tree Collective,Future Fair,535 W 28th St,New York City,http://courttree.com,open,,artguide,"51 35th Street, BLD #5, 2nd Floor",http:homepage,2026-08-07
Craig Starr Gallery,Craig Starr Gallery,5 East 73rd Street,New York,https://www.craigstarr.com/,open,,major-added,,browserbase,2026-08-07
Creative Time,CTHQ,"59 East 4th Street, 6th Floor",New York,http://creativetime.org,open,,artguide,Multiple Locations,http:homepage,2026-08-07
Crossing Art,Crossing Art,559 West 23rd Street,New York,http://crossingart.com,open,,artguide,559 West 23rd Street,http:homepage,2026-08-07
CSB Fine Arts,,"81 Prospect Street, Suite 104",New York,http://csbfinearts.com,unclear,,artguide,"81 Prospect Street, Suite 104",http:homepage,2026-08-07
Cynthia Byrnes Contemporary Art,,"508 W 26th Street, #12A PH",New York,http://cynthiabyrnes.com,unclear,,artguide,"508 W 26th Street, #12A PH",http:homepage,2026-08-07
D Lan Galleries,New York/Lenapehoking,25 East 73rd St NY 10021 USA,New York,http://dlangalleries.com,open,,artguide,"25 East 73rd Street, 4th Floor",http:homepage,2026-08-07
D. D. D. D.,,"79 Leonard Street, SBE",New York,http://dddd.pictures,unclear,,artguide,"79 Leonard Street, SBE",http:homepage,2026-08-07
DAG,New York,"1 Rockefeller Plaza, 11th Floor",New York,http://dagworld.com,unclear,,artguide,"1 Rockefeller Plaza, 11th Floor",browserbase-failed,2026-08-07
Dan Yoshii Gallery,Chinatown,54 Henry Street,New York,http://danyoshii.com,open,,artguide,54 Henry Street,http:/about,2026-08-07
Dan Yoshii Gallery,Upper East Side,833 Madison Avenue,New York,http://danyoshii.com,open,,artguide,54 Henry Street,http:/about,2026-08-07
Danspace Project,St. Mark's Church,131 East 10th St.,"New York, NY 10003",http://danspaceproject.org,open,,artguide,"131 East 10th Street, St Mark’s Church",http:homepage,2026-08-07
Danziger Gallery,,"952 5th Ave, 2nd Floor",New York,http://danzigergallery.com,open,,artguide,952 5th Avenue 2nd Floor,http:homepage,2026-08-07
Dashwood Projects,Dashwood Projects,63 East 4th Street,New York,http://dashwoodprojects.com,open,,artguide,63 E 4th Street,http:homepage,2026-08-07
David Benrimon Fine Art,,"The Fuller Building | 41 East 57th Street, 2nd Floor",New York,http://davidbenrimon.com,open,,artguide,"41 East 57th Street, 2nd Floor, The Fuller Building",browserbase,2026-08-07
David Krut Projects,New York,"526 West 26th Street, 8th Floor, Suite 816",New York,http://davidkrutprojects.com,open,,artguide,"526 West 26th Street, 8th Floor, Suite 816",browserbase,2026-08-07
David Nolan Gallery,,"24 EAST 81ST STREET, NEW YORK, NY 10028",New York,http://davidnolangallery.com,open,,artguide,"24 East 81st Street, 4th Floor",http:homepage,2026-08-07
David Peter Francis,,35 East Broadway #3F,New York,http://davidpeterfrancis.com,open,,artguide,35 East Broadway #3F,browserbase,2026-08-07
David Richard Gallery,Chelsea 5C,"508 West 26th Street, Suite #5C",New York,http://davidrichardgallery.com,unclear,,artguide,"508 West 26th Street, Suite #5C",http:homepage,2026-08-07
David Richard Gallery,Chelsea 9F,"508 West 26th Street, Suite #9F",New York,http://davidrichardgallery.com,unclear,,artguide,"508 West 26th Street, Suite #9F",http:homepage,2026-08-07
David Richard Gallery,Chelsea 209,"526 West 26th Street, Suite #209",New York,http://davidrichardgallery.com,unclear,,artguide,"526 West 26th Street, Suite #209",http:homepage,2026-08-07
David Richard Gallery,Chelsea 311,"526 West 26th Street, Suite #311",New York,http://davidrichardgallery.com,unclear,,artguide,"526 West 26th Street, Suite #311",http:homepage,2026-08-07
David Zwirner,New York: 19th Street,"519, 525 & 533 West 19th Street",New York,http://davidzwirner.com,open,,artguide,525 West 19th Street,http:homepage,2026-08-07
David Zwirner,New York: Tribeca,52 Walker Street,New York,http://davidzwirner.com,open,,artguide,525 West 19th Street,http:homepage,2026-08-07
David Zwirner,New York: 20th Street,537 West 20th Street,New York,http://davidzwirner.com,open,,artguide,525 West 19th Street,http:homepage,2026-08-07
DC Moore Gallery,,535 West 22nd Street,New York,http://dcmooregallery.com,open,,artguide,"535 West 22nd Street, 2nd Floor",http:/contact,2026-08-07
De Buck Gallery,De Buck Gallery,New York,New York,http://debuckgallery.com,open,,artguide,507 West 27th Street,http:homepage,2026-08-07
Deborah Bell Photographs,,"526 West 26th Street, Room 411 (between Tenth and Eleventh Avenues)",New York,http://deborahbellphotographs.com,open,,artguide,"526 West 26th Street, Room 411",browserbase,2026-08-07
Deli Gallery,,,New York,https://deli.gallery/,unclear,,major-added,,browserbase,2026-08-07
Denise Bibro Fine Art,"McGuire Hall, St. Joseph's Church in Greenwich Village",371 6th Ave,"New York, NY",http://denisebibrofineart.com,open,,artguide,Online exhibitions,http:homepage,2026-08-07
Derek Eller Gallery,,"38 Walker Street, Ground Floor",New York,https://www.derekeller.com/,open,,major-added,,browserbase,2026-08-07
Dernier Cri,Dernier Cri,247 E 60th Street,"New York, NY 10022",http://derniercrinyc.com,open,,artguide,"247 E 60th Street, 2nd Fl.",http:homepage,2026-08-07
Derosia,,"197 Grand St, 2W",New York,http://derosia.nyc,open,,artguide,"197 Grand Street, Unit #2W",browserbase,2026-08-07
Desnivel,DESNIVEL at Breeze Nail + Spa,62 2nd Avenue,"New York, NY 10003",http://desnivelgallery.com,open,,artguide,62 2nd Avenue,http:/info,2026-08-07
Deutsches Haus,New York University (NYU),42 Washington Mews (corner of University Place),New York,http://as.nyu.edu/deutscheshaus.html,unclear,,artguide,42 Washington Mews (corner of University Place),browserbase,2026-08-07
DI DONNA,,744 MADISON AVENUE,NEW YORK,http://didonna.com,open,,artguide,744 Madison Avenue,http:homepage,2026-08-07
Di Donna Galleries,,744 MADISON AVENUE,NEW YORK,https://didonna.com/,open,,major-added,,http:homepage,2026-08-07
DIANA,,127 Henry Street,New York,http://diananewyork.com,unclear,,artguide,127 Henry Street,browserbase,2026-08-07
dieFirma,,32A Cooper Square,New York,http://diefirmanyc.com,open,,artguide,32A Cooper Square,browserbase,2026-08-07
Dieu Donné,,63 Flushing Avenue • Building 3 • Suite 602,"Brooklyn, NY",http://dieudonne.org,open,,artguide,"63 Flushing Ave, Unit 112, Building 3, Suite #602, Brooklyn Navy Yard",http:homepage,2026-08-07
Dog House Gallery,,137 Montrose Avenue,New York,http://www.instagram.com/dog_house_gallery/,unclear,,artguide,137 Montrose Avenue,browserbase,2026-08-07
Dracula's Revenge,Dracula's Revenge 4,105 Henry St,"New York, NY 10002",http://draculasrevenge.net,open,,artguide,218 Centre Street,browserbase,2026-08-07
Dracula's Revenge,Dracula's Revenge 6,218 Centre St,"New York, NY 10013",http://draculasrevenge.net,open,,artguide,218 Centre Street,browserbase,2026-08-07
Dracula's Revenge,Dracula's Revenge 3,29 Henry St,"New York, NY 10002",http://draculasrevenge.net,open,,artguide,218 Centre Street,browserbase,2026-08-07
Dream House,MELA Foundation Dream House,"275 Church Street, 3rd Floor",New York,http://melafoundation.org,open,,artguide,"275 Church Street, 3rd Floor",http:homepage,2026-08-07
Duane Thomas Gallery,,"137 West Broadway, 3rd Floor",New York,http://duanethomasgallery.com,unclear,,artguide,"137 West Broadway, 3rd Floor",browserbase,2026-08-07
Duckworth Gallery,,169 Coffey Street,New York,http://duckworthgallery.com,unclear,,artguide,169 Coffey Street,http:homepage,2026-08-07
Dunkunsthalle,,64 Fulton Street,New York,http://www.dunkunsthalle.com,unclear,,artguide,64 Fulton Street,browserbase,2026-08-07
DUTTON,,48 Hester Street,New York,http://soniadutton.com,unclear,,artguide,48 Hester Street,browserbase-failed,2026-08-07
Ed. Varie,,49 Monroe,New York,http://edvarie.com,unclear,,artguide,4.5 Cortlandt Allery,browserbase,2026-08-07
EERDMANS,,"14 East 10th Street, Ground Fl.",New York,http://eerdmansnewyork.com,unclear,,artguide,"14 East 10th Street, Ground Fl.",http:/about,2026-08-07
EFA 3rd Floor Gallery,EFA Studio Program,323 W 39th St,New York,http://studios-efanyc.org/exhibitions,open,,artguide,"323 West 39th Street, 2nd Floor",http:homepage,2026-08-07
EFA 3rd Floor Gallery,EFA Gallery,"323 West 39th St., 3rd Floor",New York,http://studios-efanyc.org/exhibitions,open,,artguide,"323 West 39th Street, 2nd Floor",http:homepage,2026-08-07
EFA Robert Blackburn Printmaking Workshop,EFA Robert Blackburn Printmaking Workshop,323 West 39th Street,"New York, NY 10018",http://rbpmw-efanyc.org,open,,artguide,"323 West 39th Street, 2nd Floor",http:homepage,2026-08-07
EFA Studios,EFA Studio Program,"323 West 39th Street, 3rd Floor",New York,http://studios-efanyc.org,open,,artguide,"323 West 39th Street, 3rd Fl.",http:homepage,2026-08-07
Efraín López,,"356 Broadway, Unit LL15",New York,http://efrainlopez.co,unclear,,artguide,"356 Broadway, Unit LL15",browserbase,2026-08-07
Electronic Arts Intermix,,"264 Canal Street, 3W",New York City,http://eai.org,open,,artguide,"264 Canal Street, #3W",http:homepage,2026-08-07
Eleventh Hour Art,,"61 Atlantic Avenue, Brooklyn NY 11201",Brooklyn,http://eleventhhourart.com,open,,artguide,61 Atlantic Avenue,browserbase,2026-08-07
Elliott Templeton Fine Arts,,105 Henry Street,New York,http://elliotttempleton.nyc,open,,artguide,105 Henry Street,browserbase,2026-08-07
Elza Kayal Gallery,,"368 Broadway, Suite 409",New York,http://elzakayal.com,open,,artguide,"368 Broadway, Suite #409",browserbase,2026-08-07
embryogallery,,"32 Union Square East, Suite 911",New York City,http://embryogallery.com,open,,artguide,32 Union Sq East,browserbase,2026-08-07
Emily Harvey Foundation,New York,"537 BROADWAY, NEW YORK, NY 10012, USA",New York,http://emilyharveyfoundation.org,open,,artguide,"537 Broadway, 2nd Fl.",browserbase,2026-08-07
empire,,"53 E 34th Street, #308",New York,http://theempire.biz,unclear,,artguide,"53 E 34th Street, #308",browserbase,2026-08-07
End Scene,41 Orchard,41 Orchard,"New York, NY, 10002",http://endscenegallery.com,open,,artguide,41 Orchard Street,browserbase,2026-08-07
ENORME,,"41 Union Square W, #612",NYC,http://enorme.nyc,open,,artguide,"41 Union Square West, #612",http:homepage,2026-08-07
ensemble,,"401 Broadway, #1902",New York,http://ensemble.nyc,unclear,,artguide,"401 Broadway, #1902",browserbase,2026-08-07
Eric Firestone Gallery,The Loft,"4 Great Jones Street, No. 3",New York,http://ericfirestonegallery.com,open,,artguide,40 Great Jones Street,http:homepage,2026-08-07
Eric Firestone Gallery,,40 Great Jones Street,New York,http://ericfirestonegallery.com,open,,artguide,40 Great Jones Street,http:homepage,2026-08-07
Essex Flowers,,19 MONROE ST,"NEW YORK, NY",http://essexflowers.us,open,,artguide,19 Monroe Street,browserbase,2026-08-07
Established Gallery,,75 6th Avenue,New York,http://establishedgallery.com,unclear,,artguide,75 6th Avenue,http:homepage,2026-08-07
Ethan Cohen Gallery,NEW YORK – 17TH ST,225 w 17th st,New York,http://ecfa.com,open,,artguide,225 West 17th Street,http:homepage,2026-08-07
Ethan Cohen Gallery,NEW YORK – 19TH ST,251 W 19th St,New York,http://ecfa.com,open,,artguide,225 West 17th Street,http:homepage,2026-08-07
EUROPA,,"125 Division Street, 2nd Fl.",New York,http://europa.nyc,unclear,,artguide,"125 Division Street, 2nd Fl.",browserbase,2026-08-07
Eva Presenhuber,,,New York,https://www.evapresenhuber.com/en/catalogue,open,,major-added,,http:homepage,2026-08-07
Eyebeam,,185 Wythe Avenue Office F1,New York,http://eyebeam.org,unclear,,artguide,185 Wythe Avenue Office F1,http:homepage,2026-08-07
Falcon,,"520 8th Ave, 15th Floor",New York,http://falconnyc.com,open,,artguide,111 Broadway,http:homepage,2026-08-07
Faurschou New York,,148 Green Street,New York,http://faurschou.com,unclear,,artguide,148 Green Street,http:/about,2026-08-07
Fergus McCaffrey,New York,514 West 26th Street,New York,http://fergusmccaffrey.com,open,,artguide,514 West 26th Street,http:homepage,2026-08-07
Field of Play,,126 13th Street,"Brooklyn, NY 11215",http://fieldofplaybk.com,open,,artguide,126 13th Street,browserbase,2026-08-07
Fierman,,19 PIKE STREET,"NEW YORK, NY 10002",https://fierman.nyc/,open,,major-added,,http:homepage,2026-08-07
Findlay Galleries,New York,"32 East 57th Street, 2nd Floor","New York, New York",http://findlaygalleries.com,open,,artguide,"32 East 57th Street, 2nd Floor",http:homepage,2026-08-07
First Street Green Art Park,OSMOS Address,50 East First Street,New York,http://firststreetgreenpark.org/,open,,artguide,33 East 1st Street,http:homepage,2026-08-07
First Street Green Art Park,First Street Green Art Park,corner of Houston Street and Second Avenue,New York,http://firststreetgreenpark.org/,open,,artguide,33 East 1st Street,http:homepage,2026-08-07
FiveMyles,,558 St Johns Place,Brooklyn,http://fivemyles.org,open,,artguide,558 St. Johns Place,browserbase,2026-08-07
Flow Space Gallery,Flow Space Gallery,526 W 26th St #807,New York,http://flowspacegallery.com,open,,artguide,"526 W 26th Street, #807",http:homepage,2026-08-07
Flux Factory,Flux Factory (29th St),"39-31 29th Street, Long Island City, NY 11101",Long Island City,http://fluxfactory.org,open,,artguide,39-31 29th Street,http:/contact,2026-08-07
Foreign & Domestic,,24 rutgers street,New York,http://foreigndomestic.io,open,,artguide,24 Rutgers Street,browserbase,2026-08-07
Fort Gansevoort,Fort Gansevoort New York,5 Ninth Avenue,New York,http://fortgansevoort.com,open,,artguide,5 9th Avenue,browserbase,2026-08-07
Fountain House Gallery,Fountain House Gallery,702 Ninth Avenue,New York,http://fountainhousegallery.org,open,,artguide,702 9th Avenue,http:homepage,2026-08-07
Foxy Production,,,New York,https://foxyproduction.com/,unclear,,major-added,,browserbase,2026-08-07
François Ghebaly,New York,391 Grand Street,New York,http://ghebaly.com,open,,artguide,391 Grand Street,browserbase,2026-08-07
Fredericks & Freiser,,"536 WEST 24TH STREET, NEW YORK 10011",New York,http://fredericksfreisergallery.com,open,,artguide,536 West 24th Street,browserbase,2026-08-07
Fremin Gallery,,520 West 23rd Street,New York,http://fremingallery.com,unclear,,artguide,520 West 23rd Street,http:/about,2026-08-07
French Institute Alliance Française (FIAF),Manhattan,22 East 60th Street,New York,http://fiaf.org,open,,artguide,22 East 60th Street,browserbase,2026-08-07
Friedman Benda,Friedman Benda,515 WEST 26TH STREET,New York,http://friedmanbenda.com,open,,artguide,515 West 26th Street,http:homepage,2026-08-07
Friedrichs Pontone,FRIEDRICHS PONTONE,273 CHURCH ST,"NEW YORK, NY 10013",http://friedrichspontone.com,unclear,,artguide,273 Church Street,http:homepage,2026-08-07
Fu Qiumeng Fine Art,,"65 E 80th St, Ground Floor",New York,http://fuqiumeng.com,open,,artguide,"65 East 80th Street, Ground Floor",http:homepage,2026-08-07
Gaa,,4 Cortlandt Alley,New York,http://gaa-gallery.com,open,,artguide,4 Cortlandt Alley,browserbase,2026-08-07
Gagosian,,"541 West 24th Street, New York",New York,http://gagosian.com,open,,artguide,555 West 24th Street,http:homepage,2026-08-07
Gagosian,,980 Madison Avenue,New York,http://gagosian.com,open,,artguide,555 West 24th Street,http:homepage,2026-08-07
Gala Art Center,,15-08 121st St,New York,http://galaartcenter.org,open,,artguide,15-08 121st St,browserbase,2026-08-07
Galería Azur,GALERIA AZUR NEW YORK,"157 Bowery, New York, NY, USA",New York,http://galeriaazur.art/us,open,,artguide,157 Bowery,browserbase,2026-08-07
Galerie Carole Kvasnevski,,"526 W 26th Street, Suite 305 A, 3rd Fl.",New York,http://galeriecarolekvasnevski.com,open,,artguide,"526 W 26th Street, Suite 305 A, 3rd Fl.",http:homepage,2026-08-07
Galerie Fleiss-Vallois,,1018 Madison Avenue 5th & PH Floors,New York,http://fleiss-vallois.com,open,,artguide,"1018 Madison Avenue, 5th & 6th Fl.",browserbase,2026-08-07
Galerie Gmurzynska,New York,"595 Madison Avenue, 6th Floor",New York,http://gmurzynska.com,unclear,,artguide,"595 Madison Avenue, 6th Floor",browserbase,2026-08-07
Galerie Ground,New York,80 Richards St.,"Brooklyn, NY 11231",http://galerieground.com,open,,artguide,80 Richards Street,browserbase,2026-08-07
Galerie Khoshbakht,,136 Orchard Street,New York,http://khoshbakht.de,open,,artguide,136 Orchard Street,http:homepage,2026-08-07
Galerie Lelong,"Galerie Lelong, New York",528 West 26th Street,New York,https://galerielelong.com/,open,,major-added,,http:/about,2026-08-07
Galerie RX,SLAG&RX | New York,"522 West, 19th street New York, NY, 10011 - USA",New York,http://galerierx.com,open,,artguide,522 West 19th Street,http:/contact,2026-08-07
Galerie Sardine,New York,61 Lispenard Street,New York,http://galeriesardine.com,open,,artguide,61 Lispenard Street,browserbase,2026-08-07
Galerie Shibumi,,261 West 35th Street - 14th floor,New York,http://galerieshibumi.com,open,,artguide,"261 W 35th Street, 14th Fl.",browserbase,2026-08-07
Galerie Timonier,,"246 West Broadway, 2nd Floor",New York,http://galerie-timonier.com,open,,artguide,"246 West Broadway, 2nd Floor",browserbase,2026-08-07
Galerie Yeche Lange,,"11 Broadway, Suite #1530",New York,http://yl.baby,unclear,,artguide,"11 Broadway, Suite #1530",browserbase,2026-08-07
Gallatin Galleries,,1 Washington Pl @ Broadway,New York,http://wp.nyu.edu/gallatingalleries,open,,artguide,1 Washington Place,http:homepage,2026-08-07
Gallery 456,Chinese American Arts Council (CAAC),"456 Broadway, 3rd Floor",New York,http://caacarts.org,unclear,,artguide,"456 Broadway, 3rd Floor",browserbase,2026-08-07
Gallery 71,,"974 Lexington Avenue, @ 71st Street",New York,http://gallery71.com,open,,artguide,974 Lexington Avenue,browserbase,2026-08-07
Gallery Chang,C1 - New York,"150 West 55th Street, New York, NY 10019",New York,http://artgallerychang.com,open,,artguide,150 West 55th Street,http:/about,2026-08-07
Gallery Hyundai New York Project Space,,"529 W 20th Street, #6E",New York,http://galleryhyundai.com,open,,artguide,"529 W 20th Street, #6E",browserbase,2026-08-07
gallery onetwentyeight,,128 Rivington Street,New York,http://galleryonetwentyeight.org,unclear,,artguide,128 Rivington Street,browserbase,2026-08-07
Gallery Wave,Gallery Wave,"1031 2nd Ave, New York, NY 10022",New York,http://wave.gallery60nyc.com,open,,artguide,1031 2nd Avenue,browserbase,2026-08-07
Gallery Wave,Gallery 60 NYC,"208 E 60th St, New York, NY 10022",New York,http://wave.gallery60nyc.com,open,,artguide,1031 2nd Avenue,browserbase,2026-08-07
Gallery517,Gallery 517,517 West 29th Street,New York,http://517west29th.com/gallery-517,open,,artguide,517 West 29th Street,browserbase,2026-08-07
Gandt,,"31-45 37th Street, #G",New York,http://gandtmedia.org,unclear,,artguide,"31-45 37th Street, #G",browserbase,2026-08-07
Garth Greenan Gallery,,545 West 20th Street,New York,https://www.garthgreenan.com/,unclear,,major-added,,http:homepage,2026-08-07
Garvey,Artisan Lofts,143 Reade Street,New York,http://garveysimon.com,open,,artguide,"41 East 57th Street, 11th Fl.",http:homepage,2026-08-07
Garvey,DFN Projects,16 East 79th Street,New York,http://garveysimon.com,open,,artguide,"41 East 57th Street, 11th Fl.",http:homepage,2026-08-07
Garvey,DFN Projects,41 E 57th St. 11th Fl.,New York,http://garveysimon.com,open,,artguide,"41 East 57th Street, 11th Fl.",http:homepage,2026-08-07
Garvey,,"547 West 27th Street, Suite 209",New York,http://garveysimon.com,open,,artguide,"41 East 57th Street, 11th Fl.",http:homepage,2026-08-07
GEMS,GEMS,2 E Broadway,New York,http://gemsss.nyc,open,,artguide,2 East Broadway,http:homepage,2026-08-07
George Billis Gallery,New York City,"122 Norfolk Street, Ground Floor Lower East Side Art District, New York, NY 10002",New York,http://georgebillis.com,unclear,,artguide,122 Norfolk Street,http:homepage,2026-08-07
Georges Bergès Gallery,,462 West Broadway,New York,http://bergesgallery.com,open,,artguide,462 West Broadway,http:homepage,2026-08-07
Gern en Regalia,,105 #5 Henry street,"New York, NY",http://gernenregalia.com,open,,artguide,"105 Henry Street, #5 Basement Level",http:homepage,2026-08-07
Gitterman Gallery,,"3 East 66th Street, 1B",New York,http://gittermangallery.com,open,,artguide,"3 East 66th Street, #1B",browserbase,2026-08-07
Gladstone Gallery,New York,"130 East 64th Street, New York, NY 10065",New York,http://gladstonegallery.com,open,,artguide,530 West 21st Street,http:/about,2026-08-07
Gladstone Gallery,New York,"515 West 24th Street, New York, NY 10011",New York,http://gladstonegallery.com,open,,artguide,530 West 21st Street,http:/about,2026-08-07
Gladstone Gallery,New York,"530 West 21st Street, New York, NY 10011",New York,http://gladstonegallery.com,open,,artguide,530 West 21st Street,http:/about,2026-08-07
GLORIA'S,,5 Eldridge Street,New York,http://gloriasprojectspace.com,unclear,,artguide,5 Eldridge Street,browserbase,2026-08-07
Goethe-Institut New York,,30 Irving Place,New York,http://goethe.de/ins/us/en/sta/ney/ver.cfm,unclear,,artguide,30 Irving Place,http:homepage,2026-08-07
GOLESTANI,New York,19 Pike Street,New York,http://golestani.gallery,unclear,,artguide,19 Pike Street,browserbase,2026-08-07
Good Naked Gallery,,252 Java Street,New York,http://goodnakedgallery.com,open,,artguide,252 Java Street,browserbase,2026-08-07
Goodman Gallery,New York,"23 East 67th Street, 2nd Floor, New York, NY 10065",New York,http://goodman-gallery.com/exhibitions/location/245,open,,artguide,"23 East 67th Street, Suite #2",http:homepage,2026-08-07
Gordon Gallery,Gordon Gallery New York,139 norfolk st.,New York,http://gordongallery.co.il,open,,artguide,139 Norfolk Street,http:homepage,2026-08-07
Gordon Robichaux,,22 East 17th Street,New York,http://gordonrobichaux.com,open,,artguide,"41 Union Square West, Suite #925 & #907",browserbase,2026-08-07
Gordon Robichaux,,"41 Union Square West, #925 and #907",New York,http://gordonrobichaux.com,open,,artguide,"41 Union Square West, Suite #925 & #907",browserbase,2026-08-07
Gratin,,291 Grand St,New York,http://gratin.com,open,,artguide,"291 Grand Street, 2nd Floor",http:homepage,2026-08-07
Gratin,,76 Avenue B,New York,http://gratin.com,open,,artguide,"291 Grand Street, 2nd Floor",http:homepage,2026-08-07
Great Hall,NYU Institute of Fine Arts,"1 East 78th Street, The James B. Duke House",New York,http://ifa.nyu.edu/events/great-hall-exhibitions.htm,unclear,,artguide,"1 East 78th Street, The James B. Duke House",http:/about,2026-08-07
Greene Naftali,Ground Floor & 8th Floor,508 West 26th Street,New York,https://greenenaftaligallery.com/,open,,major-added,,http:homepage,2026-08-07
Grey Art Museum,Grey Art Museum,18 Cooper Square,New York,http://greyartgallery.nyu.edu,open,,artguide,"18 Cooper Square, New York University",browserbase,2026-08-07
Grimm,New York,54 White Street,New York,https://grimmgallery.com/,open,,major-added,,http:homepage,2026-08-07
Guest Gallery,,Crown Heights,New York,http://guestgallery.art,unclear,,artguide,Crown Heights,browserbase,2026-08-07
Guild Gallery,RW Guild,309 CANAL Street,"new york, ny",http://rwguildgalleryny.com,open,,artguide,321 Canal Street,browserbase,2026-08-07
Guild Gallery,Guild Gallery New York,321 canal st,"new york, ny 10013",http://rwguildgalleryny.com,open,,artguide,321 Canal Street,browserbase,2026-08-07
Guy Hepner,,"177 10th Avenue, New York, NY 10011",New York,http://guyhepner.com,open,,artguide,"521 W 26th Street, 5th Floor",http:homepage,2026-08-07
Gypsum Gallery,New York,4.5 Cortlandt Alley,New York,http://gypsumgallery.com,open,,artguide,4.5 Cortlandt Alley,browserbase,2026-08-07
HAIR+NAILS,New York,39 Henry Street,New York,http://hairandnailsart.com,unclear,,artguide,39 Henry Street,browserbase,2026-08-07
Halcyon,,413 West Broadway,New York,http://halcyongallery.com,open,,artguide,413 West Broadway,http:homepage,2026-08-07
Hales Gallery,New York,547 W 20th Street,New York,http://halesgallery.com,unclear,,artguide,547 W 20th Street,http:homepage,2026-08-07
Half Gallery,,235 E 4th St,"New York, NY",https://halfgallery.com/,open,,major-added,,http:homepage,2026-08-07
Halsey McKay,BROOKLYN,60 Greenpoint Avenue,"Brooklyn, NY",http://halseymckay.com,open,,artguide,60 Greenpoint Avenue,http:/contact,2026-08-07
Hannah Traore Gallery,,150 Orchard Street,New York,http://hannahtraoregallery.com,open,,artguide,150 Orchard Street,http:/about,2026-08-07
Hardware Gallery,,154 Chambers Street,New York,http://juliekeyesart.com,unclear,,artguide,154 Chambers Street,browserbase,2026-08-07
Harkawik,New York,88 Walker St,"New York, NY, 10013",https://www.harkawik.com/,open,,major-added,,http:/about,2026-08-07
Harper's,Harper's Books,504 West 22nd Street,"New York, NY 10011",http://harpersgallery.com,open,,artguide,512 West 22nd Street,http:/info,2026-08-07
Harper's,Harper's Apartment,"51 East 74th Street, Buzzer 2X","New York, NY 10021",http://harpersgallery.com,open,,artguide,512 West 22nd Street,http:/info,2026-08-07
Harper's,Harper's Chelsea 512,512 West 22nd Street,"New York, NY 10011",http://harpersgallery.com,open,,artguide,512 West 22nd Street,http:/info,2026-08-07
Harper's,Harper's Chelsea 534,534 West 22nd Street,"New York, NY 10011",http://harpersgallery.com,open,,artguide,512 West 22nd Street,http:/info,2026-08-07
hatred 2,,"576 3rd Avenue, #2L",New York,http://hatred2.github.io,unclear,,artguide,"576 3rd Avenue, #2L",browserbase,2026-08-07
haul gallery,,"24 15th Street, Unit #207",New York,http://haul.gallery,unclear,,artguide,"24 15th Street, Unit #207",browserbase,2026-08-07
Hauser & Wirth,Wooster Street,134 Wooster Street,New York,http://hauserwirth.com,unclear,,artguide,134 Wooster Street,browserbase,2026-08-07
Hauser & Wirth,East 69th Street,32 East 69th Street,New York,http://hauserwirth.com,unclear,,artguide,32 East 69th Street,browserbase,2026-08-07
Hauser & Wirth,18th Street,443 West 18th Street,New York,http://hauserwirth.com,unclear,,artguide,443 West 18th Street,browserbase,2026-08-07
Hauser & Wirth,542 West 22nd Street,542 West 22nd Street,New York,http://hauserwirth.com,unclear,,artguide,542 West 22nd Street,browserbase,2026-08-07
Heft Gallery,,"300 Broome, btwn Forsyth + Eldridge north side",New York,http://heftgallery.com,open,,artguide,300 Broome Street,http:homepage,2026-08-07
Heller Gallery,The Curator Lab,529 west 20th Street 2nd floor,"New York, NY",http://hellergallery.com,open,,artguide,303 10th Avenue,browserbase,2026-08-07
Helm Contemporary,,"132 Bowery, 3rd Floor",New York,http://helmcontemporary.com,unclear,,artguide,"132 Bowery, 3rd Floor",browserbase,2026-08-07
Helwaser Gallery,,"833 Madison Ave, Third Floor","New York, NY",http://helwasergallery.com,open,,artguide,"833 Madison Avenue, 3rd Floor",http:homepage,2026-08-07
Henrique Faria Fine Art,,35 East 67th Street 4th Floor,New York,http://henriquefaria.com,open,,artguide,"35 East 67th Street, 4th Floor",browserbase,2026-08-07
High Line Nine,High Line Nine - West 27th Street entrance,507 West 27th Street,New York,http://highlinenine.com,open,,artguide,Entrances at 507 West 27th St and 508 West 28th St,browserbase,2026-08-07
High Line Nine,High Line Nine - West 28th Street entrance,508 West 28th Street,New York,http://highlinenine.com,open,,artguide,Entrances at 507 West 27th St and 508 West 28th St,browserbase,2026-08-07
High Noon,,68 Reade Street,New York,http://highnoongallery.com,unclear,,artguide,68 Reade Street,browserbase,2026-08-07
Higher Pictures,Higher Pictures,45 Main Street #723,"Brooklyn, New York 11201",http://higherpicturesgeneration.com,open,,artguide,"45 Main Street, #723",browserbase,2026-08-07
Hirschl & Adler,The Fuller Building,"41 East 57th Street, New York, NY 10022",New York,https://www.hirschlandadler.com/,open,,major-added,,browserbase,2026-08-07
Hirschl & Adler,The Crown Building,"730 Fifth Avenue, New York, NY 10019",New York,https://www.hirschlandadler.com/,open,,major-added,,browserbase,2026-08-07
Hoffman Donahue,New York,"99 Bowery, 2nd Floor, 10002",New York,http://hoffmandonahue.com,open,,artguide,"99 Bowery, 2nd Floor",browserbase,2026-08-07
Hoffman Maler Wallenberg,New York office,59 West 12th Street,New York,http://hoffmannmalerwallenberg.com,open,,artguide,"88 Eldridge Street, 5th Floor",http:/about,2026-08-07
Hollis Taggart,,109 Norfolk Street,New York,https://www.hollistaggart.com/,open,,major-added,,http:homepage,2026-08-07
Hollis Taggart,,"521 West 26th Street, 1st & 2nd Floors",New York,https://www.hollistaggart.com/,open,,major-added,,http:homepage,2026-08-07
Hostler Burrows,Hostler Burrows,35 East 10th Street,New York,http://hostlerburrows.com,open,,artguide,35 East 10th Street,http:homepage,2026-08-07
Hostler Burrows,HB381,381 Broadway,New York,http://hostlerburrows.com,open,,artguide,35 East 10th Street,http:homepage,2026-08-07
Howl! Happening,Howl! Arts/Howl! Archive (HA/HA),"250 Bowery, 2nd Floor",NYC,http://howlarts.org,open,,artguide,6 East 1st Street,browserbase,2026-08-07
Howl! Happening,Howl! Happening,6 East 1st Street,NYC,http://howlarts.org,open,,artguide,6 East 1st Street,browserbase,2026-08-07
Hunter College Art Galleries,Bertha and Karl Leubsdorf Gallery,132 East 68th Street,"New York, NY 10065",http://huntercollegeartgalleries.org,open,,artguide,695 Park Avenue,browserbase,2026-08-07
Hunter College Art Galleries,205 Hudson Gallery,205 Hudson Street at Canal Street,"New York, NY 10013",http://huntercollegeartgalleries.org,open,,artguide,695 Park Avenue,browserbase,2026-08-07
Hunter College Art Galleries,Hunter East Harlem Gallery,2180 3rd Avenue at 119th Street,"New York, NY 10035",http://huntercollegeartgalleries.org,open,,artguide,695 Park Avenue,browserbase,2026-08-07
Hunter Dunbar Projects,,524 West 24th Street,New York,http://hunterdunbarprojects.com,unclear,,artguide,524 West 24th Street,http:homepage,2026-08-07
Hunter East Harlem Gallery,Hunter East Harlem Gallery,2180 3rd Avenue at 119th Street,New York,http://huntereastharlemgallery.org,closed,Hunter East Harlem Gallery is currently CLOSED for renovation. We are moving to a new space in the same building at the Silberman School for Social Work and are excited to reopen in Spring 2027.,artguide,"2180 3rd Avenue, The Silberman School of Social Work",browserbase,2026-08-07
"I.C Editions, Inc.",,522 West 24th Street,New York,http://iceditions.com,open,,artguide,522 West 24th Street,http:homepage,2026-08-07
icebox4,icebox4 main gallery,128 Rivington St.,New York,http://icebox4.com,open,,artguide,"53 S 11th Street, #4A",http:homepage,2026-08-07
icebox4,Hudson Guild Gallery,441 W 26th St.,New York,http://icebox4.com,open,,artguide,"53 S 11th Street, #4A",http:homepage,2026-08-07
icebox4,Icebox4 Salon,53 S. 11th Street #4A,Brooklyn,http://icebox4.com,open,,artguide,"53 S 11th Street, #4A",http:homepage,2026-08-07
ILY2 NYC,ILY2 New York,35 St James Pl,New York,http://ily2online.com,open,,artguide,35 Saint James Place,http:homepage,2026-08-07
In The Gallery at Brooklyn Metal Works,Brooklyn Metal Works,"640 Dean Street, Brooklyn, NY, 11238, United States",Brooklyn,http://bkmetalworks.com/gallery,open,,artguide,640 Dean Street,browserbase,2026-08-07
Incubator,New York,"291 Grand Street, 4th Fl.",New York,http://incubatorart.com,open,,artguide,"291 Grand Street, 4th Fl.",browserbase,2026-08-07
Instituto Cervantes,Instituto Cervantes New York,211 East 49th Street,New York,http://nyork.cervantes.es,open,,artguide,211 E 49th Street,http:homepage,2026-08-07
Instituto de Visión New York,New York,"88 Eldridge Street, 5th floor",New York,http://institutodevision.com,open,,artguide,"88 Eldridge Street, 5th Floor",http:homepage,2026-08-07
Interference Archive,,314 7th Street,"Brooklyn, NY",http://interferencearchive.org,open,,artguide,314 7th Street,http:homepage,2026-08-07
International Objects,,"53 Scott Ave, Second Floor",Brooklyn,http://objects.international,open,,artguide,53 Scott Avenue,browserbase,2026-08-07
International Waters,,262 Meserole St.,"Brooklyn, NY",http://internationalwaters.international,open,,artguide,262 Meserole Street,http:homepage,2026-08-07
IRL Gallery,IRL Gallery,86 Walker St. Floor 2,New York,http://irl-nyc.com,open,,artguide,"86 Walker Street, Floor 2",http:/about,2026-08-07
Isabel Sullivan Gallery,Tribeca,39 Lispenard St.,"New York, NY 10013",http://is.gallery,open,,artguide,39 Lispenard Street,http:homepage,2026-08-07
Isabel Sullivan Gallery,Chelsea,501 West 23rd Street,"New York, NY 10011",http://is.gallery,open,,artguide,39 Lispenard Street,http:homepage,2026-08-07
ISSUE Project Room,,"22 Boerum Place, Brooklyn 11201",Brooklyn,http://issueprojectroom.org,open,,artguide,22 Boerum Place,http:homepage,2026-08-07
Jack Barrett,,87 Franklin St,New York,http://jackbarrettgallery.com,open,,artguide,87 Franklin Street,browserbase,2026-08-07
Jack Hanley Gallery,,,New York,https://www.jackhanley.com/,unclear,,major-added,,http:/contact,2026-08-07
Jack Shainman Gallery,,46 Lafayette Street,"New York, NY",http://jackshainman.com,open,,artguide,346 Broadway,http:/about,2026-08-07
Jack Shainman Gallery,,513 West 20th Street,"New York, NY",http://jackshainman.com,open,,artguide,346 Broadway,http:/about,2026-08-07
Jacqueline Sullivan Gallery,,"52 Walker Street, 4th Floor",New York,http://jacquelinesullivangallery.com,unclear,,artguide,"52 Walker Street, 4th Floor",browserbase,2026-08-07
Jamaica Center for Arts and Learning (JCAL),,161-04 Jamaica Avenue,New York,http://jcal.org,open,,artguide,161-04 Jamaica Avenue,browserbase,2026-08-07
James Cohan,NORR COHAN,48 WALKER ST,"NEW YORK, NY",https://www.jamescohan.com/,open,,major-added,,http:homepage,2026-08-07
James Cohan,NORR COHAN,"52 WALKER ST, 2ND FL","NEW YORK, NY",https://www.jamescohan.com/,open,,major-added,,http:homepage,2026-08-07
James Fuentes,New York,52 White St,"New York, NY 10013",https://jamesfuentes.com/,open,,major-added,,http:/contact,2026-08-07
Jason Jacques Gallery,,29 East 73rd Street,New York,http://jasonjacques.com,unclear,,artguide,29 East 73rd Street,browserbase,2026-08-07
Jason McCoy Gallery,,41 East 57th Street 11th Floor,New York,http://www.jasonmccoyinc.com,unclear,,artguide,41 East 57th Street 11th Floor,browserbase,2026-08-07
JDJ,JDJ Tribeca,"370 Broadway, 2nd Floor","New York, NY",http://jdj.world,open,,artguide,"370 Broadway, 2nd Floor",browserbase,2026-08-07
Jeffrey Deitch,,,New York,https://jeffreydeitch.com/,unclear,,major-added,,browserbase,2026-08-07
Jeffrey Stark,,88 East Broadway #B11 (basement level),New York,http://jeffreystark.nyc,closed,"The page lists contact information as ""2015 – 2023"", indicating the gallery operated during that period and is no longer active.",artguide,"88 East Broadway, #B11 (basement level)",browserbase,2026-08-07
Jenkins Johnson Gallery,"Jenkins Johnson Gallery, New York",207 Ocean Avenue,Brooklyn,http://jenkinsjohnsongallery.com,open,,artguide,207 Ocean Avenue,http:/contact,2026-08-07
Jenkins Johnson Gallery,Jenkins Johnson Gallery + Marian Goodman Gallery,"385 Broadway , Floor 3",New York,http://jenkinsjohnsongallery.com,open,,artguide,207 Ocean Avenue,http:/contact,2026-08-07
Jennifer Baahng Gallery,New York,790 Madison Ave,New York,http://baahng.com,open,,artguide,790 Madison Avenue,browserbase,2026-08-07
Jenny's,New York,"114 Greene Street, 2nd Floor",New York,http://jennys.us,unclear,,artguide,"114 Greene Street, 2nd Floor",browserbase,2026-08-07
Jill Newhouse Gallery,Jill Newhouse Gallery,4 East 81st Street,New York,http://jillnewhouse.com,open,,artguide,4 East 81st Street,http:/contact,2026-08-07
Jim Kempner Fine Art,,"501 W 23rd Street, New York, NY 10011",New York,http://jimkempnerfineart.com,open,,artguide,501 West 23rd Street,http:homepage,2026-08-07
John Molloy Gallery,,49 East 78th Street Suite 2B,New York,http://johnmolloygallery.com,closed,Gallery currently closed.,artguide,49 East 78th Street Suite 2B,http:homepage,2026-08-07
JTT,,,New York,https://www.jttnyc.com/,closed,an art gallery that opened in March 2012 and closed in August 2023,major-added,,browserbase,2026-08-07
Judson Memorial Church,Judson,55 Washington Square South,"Manhattan, NY",http://judson.org,open,,artguide,55 Washington Square South,browserbase,2026-08-07
Judy's Death,New York,Email for address,New York,http://judysdeath.com,open,,artguide,Email for address,http:homepage,2026-08-07
Julia Seabrook Gallery,,660 Franklin Avenue,New York,http://juliaseabrookgallery.com,unclear,,artguide,660 Franklin Avenue,browserbase,2026-08-07
June Kelly Gallery,,"166 Mercer Street, #3C, 3rd Floor",New York,http://junekellygallery.com,unclear,,artguide,"166 Mercer Street, #3C, 3rd Floor",browserbase,2026-08-07
Kahan Gallery,New York,123 East 75th Street,New York,http://kahangallery.net,open,,artguide,"922 Madison Ave, 2nd Fl.",browserbase,2026-08-07
Kai Matsumiya,Kai Matsumiya,"264 Canal Street, 5E",New York,https://kaimatsumiya.com/,open,,major-added,,http:homepage,2026-08-07
KALINER,New York,42 Allen Street,New York,http://kalinergallery.com,unclear,,artguide,42 Allen Street,browserbase,2026-08-07
KAPOW,KAPOW,23 Monroe Street,New York,http://kapowgallery.com,open,,artguide,23 Monroe Street,http:/about,2026-08-07
Kapp Kapp,,,New York,https://www.kappkapp.com/,unclear,,major-added,,browserbase,2026-08-07
Kapp Kapp,New York,"86 Walker Street, 4th Floor",New York,http://kappkapp.com,unclear,,artguide,"86 Walker Street, 4th Floor",browserbase,2026-08-07
Karma,,549 West 26th Street,New York,https://karmakarma.org/,open,,major-added,,browserbase,2026-08-07
Kasmin,,,New York,https://www.kasmingallery.com/,unclear,,major-added,,http:homepage,2026-08-07
Kate Oh Gallery,,50 East 72nd Street,New York,http://kateohgallery.com,open,,artguide,31 E 72nd Street,browserbase,2026-08-07
Kate Werble Gallery,,,New York,https://www.katewerblegallery.com/,unclear,,major-added,,http:homepage,2026-08-07
Kates-Ferri Projects,,561 & 563 Grand Street,New York,http://katesferriprojects.com,unclear,,artguide,561 & 563 Grand Street,browserbase,2026-08-07
Kathryn Markel Fine Arts,,"529 West 20th Street 6W, 179 10th Avenue",New York,http://markelfinearts.com,open,,artguide,179 10th Avenue,http:homepage,2026-08-07
KB NY,,Inquire for address at kb.bkny@gmail.com or @kb.bkny,New York,http://kbny.net,unclear,,artguide,Inquire for address at kb.bkny@gmail.com or @kb.bkny,browserbase,2026-08-07
Kentler International Drawing Space,Kentler International Drawing Space,353 Van Brunt Street,Brooklyn,http://kentlergallery.org,open,,artguide,353 Van Brunt Street,browserbase,2026-08-07
Kerry Schuss,Kerry Schuss Gallery,73 Leonard St,"NEW YORK, NY 10013",https://www.kerryschussgallery.com/pages/index.php,open,,major-added,,browserbase,2026-08-07
Kerry Schuss Gallery,Kerry Schuss Gallery,73 Leonard St,"NEW YORK, NY 10013",http://kerryschussgallery.com,open,,artguide,73 Leonard Street,browserbase,2026-08-07
Kevin Kramer Gallery,,"121 West 27th Street #702, New York, NY 10001",New York,http://kevinkramergallery.com,open,,artguide,"121 West 27th Street, #702",browserbase,2026-08-07
King's Leap,,105 Henry Street (Store 4 & 5),New York,http://kingsleapprojects.net,open,,artguide,"105 Henry Street, Store 4 & 5",http:homepage,2026-08-07
Klompching Gallery,,89 Water Street,New York,http://https://www.klompching.com,unclear,,artguide,89 Water Street,browserbase-failed,2026-08-07
Korean Cultural Center New York (KCCNY),,122 E 32nd St.,New York,http://koreanculture.org,open,,artguide,122 East 32nd Street,browserbase,2026-08-07
Korean Cultural Center New York (KCCNY),,460 Park Avenue 6th Floor,New York,http://koreanculture.org,open,,artguide,122 East 32nd Street,browserbase,2026-08-07
Kravets Wehby Gallery,,"521 West 21st Street, Ground floor",New York,http://kravetswehbygallery.com,open,,artguide,"521 West 21st Street, Ground Floor",http:homepage,2026-08-07
Kristen Lorello,,"23 East 73rd Street, 5th Floor",New York,http://kristenlorello.com,open,,artguide,"23 East 73rd Street, 5th Floor",browserbase,2026-08-07
KUNSTRAUM,,"20 Grand Avenue, #509",New York,http://kunstraumllc.com,unclear,,artguide,"20 Grand Avenue, #509",http:homepage,2026-08-07
Kunstraum LLC,,"20 Grand Avenue, #509",New York,http://kunstraumllc.com,unclear,,artguide,"20 Grand Avenue, #509",http:homepage,2026-08-07
kurimanzutto,,516 w 20th street,new york,http://kurimanzutto.com,open,,artguide,516 West 20th Street,http:homepage,2026-08-07
L. Parker Stephenson Photographs,,764 Madison Avenue,New York,http://lparkerstephenson.nyc,unclear,,artguide,764 Madison Avenue,browserbase,2026-08-07
L'Space Gallery,,524 W 19th St.,New York,http://lspacegallery.com,open,,artguide,524 West 19th Street,browserbase,2026-08-07
Last Days Gallery,Last Days Gallery (former location),"11 East 80th Street, 4th floor","New York, NY",http://lastdaysgallery.com,closed,"Although Last Days closed its doors last February, we've been quietly working on organizing exhibitions and projects that operate nomadically.",artguide,"11 East 80th Street, 4th Fl.",browserbase,2026-08-07
LatchKey Gallery,LatchKey Gallery,173 Henry Street,New York,http://latchkey-gallery.com,open,,artguide,173 Henry Street,browserbase,2026-08-07
Latinx Project,,20 Cooper Square,New York,http://latinxproject.nyu.edu,unclear,,artguide,20 Cooper Square,browserbase,2026-08-07
Laurel Gitlen,,Bedford Stuyvesant (DM for address),New York,http://laurelgitlen.com,unclear,,artguide,Bedford Stuyvesant (DM for address),browserbase,2026-08-07
LAZO,The Loisaida Center,"710 East 9th Street, The Loisaida Center",New York,http://openlazo.com,unclear,,artguide,"710 East 9th Street, The Loisaida Center",browserbase,2026-08-07
Le Petit Versailles Community Garden,,247 East 2nd Street / 346 East Houston Street,New York,http://facebook.com/PetitVersaillesNYC/,unclear,,artguide,247 East 2nd Street / 346 East Houston Street,browserbase,2026-08-07
Lehmann Maupin,New York,501 West 24th Street,New York,https://www.lehmannmaupin.com/,open,,major-added,,http:homepage,2026-08-07
Leila Greiche LLC,,Private address,New York,http://leilagreiche.com,unclear,,artguide,Private address,browserbase,2026-08-07
Lenfest Center for the Arts,Lenfest Center for the Arts,615 West 129th Street,"New York, NY",http://lenfest.arts.columbia.edu,open,,artguide,615 West 129th Street,browserbase,2026-08-07
Leo Koenig Inc.,,"958 Madison Avenue, Floor 3",New York,http://leokoenig.com,open,,artguide,"958 Madison Avenue, Floor 3",http:/about,2026-08-07
Leon Tovar Gallery,,525 E 72nd St,New York,http://leontovargallery.com,open,,artguide,26 East 64th Street,http:homepage,2026-08-07
Leslie Feely,,1044 Madison Avenue,New York,http://lesliefeely.com,unclear,,artguide,1044 Madison Avenue,browserbase,2026-08-07
Leslie Tonkonow Artworks + Projects,Leslie Tonkonow Artworks + Projects,"401 Broadway, Suite 411",New York,http://tonkonow.com,open,,artguide,"401 Broadway, Suite #411",browserbase,2026-08-07
Lever House Art Collection,,390 Park Avenue,New York,http://leverhouseartcollection.com,unclear,,artguide,390 Park Avenue,browserbase,2026-08-07
Lévy Gorvy Dayan,New York,19 East 64th Street,New York,http://levygorvydayan.com,unclear,,artguide,19 East 64th Street,http:/contact,2026-08-07
Library180,,"180 Maiden Lane, Floor 26",New York,http://library180.com,unclear,,artguide,"180 Maiden Lane, Floor 26",browserbase,2026-08-07
Lincoln Glenn,UPPER EAST SIDE,"17 East 67th Street, Suite 1A",New York,http://lincolnglenn.com,open,,artguide,"17 East 67th Street, Suite #1A",http:homepage,2026-08-07
Lincoln Glenn,CHELSEA,542 West 24th Street,New York,http://lincolnglenn.com,open,,artguide,"17 East 67th Street, Suite #1A",http:homepage,2026-08-07
Lisson Gallery,504 West 24th Street,504 West 24th Street,New York,http://lissongallery.com,open,,artguide,504 West 24th Street,browserbase,2026-08-07
Lisson Gallery,508 West 24th Street,508 West 24th Street,New York,http://lissongallery.com,open,,artguide,508 West 24th Street,browserbase,2026-08-07
Liu Shiming Art Foundation,Liu Shiming Art Foundation,"15 E 40th Street, 5FL",New York,http://lsmartfund.org/gallery,open,,artguide,"15 East 40th Street, 5th Fl.",http:homepage,2026-08-07
Living Skin,,9 Monroe St.,New York,http://livingskin.space,unclear,,artguide,9 Monroe St.,browserbase,2026-08-07
Lobster Club,,48 Hester Street,New York,http://lobster-club.com,unclear,,artguide,48 Hester Street,browserbase,2026-08-07
Lohaus Sominsky,New York,62 White Street,New York,http://lohaussominsky.com,unclear,,artguide,62 White Street,http:homepage,2026-08-07
LOMEX,,"86 Walker, 3rd Floor",New York,http://lomex.gallery,open,,artguide,"86 Walker, 3rd Floor | 89 Walker, #2R",browserbase,2026-08-07
LOMEX,,"89 Walker, #2R",New York,http://lomex.gallery,open,,artguide,"86 Walker, 3rd Floor | 89 Walker, #2R",browserbase,2026-08-07
Long Story Short,Long Story Short NYC,"52 Henry Street, 10002",NYC,http://lss.gallery/cities/new-york,open,,artguide,52 Henry Street,http:homepage,2026-08-07
Long-Sharp Gallery Project Space,,"24 West 57th Street, Suite #606",New York,http://longsharpgallery.com,unclear,,artguide,"24 West 57th Street, Suite #606",browserbase,2026-08-07
Longwood Art Gallery,Longwood Art Gallery,2700 East Tremont Avenue,Bronx,http://bronxarts.org/programs/connector/longwood-art-project/longwood-art-gallery,open,,artguide,"450 Grand Concourse, Room C190, Hostos Community College",http:homepage,2026-08-07
Loretta Howard Gallery,,521 West 26th Street,New York,http://lorettahoward.com,unclear,,artguide,521 West 26th Street,http:homepage,2026-08-07
Lorimoto,,16-23 Hancock Street,New York,http://lorimoto.com,unclear,,artguide,16-23 Hancock Street,browserbase,2026-08-07
Louis K. Meisel Gallery,,"141 Prince Street, Ground Floor",New York,http://meiselgallery.com,open,,artguide,"141 Prince Street, Ground Floor",http:homepage,2026-08-07
Lower East Side Printshop,,"306 West 37th Street, 6th Floor",New York,http://printshop.org,open,,artguide,"306 West 37th Street, 6th Floor",http:homepage,2026-08-07
Lubov,Lubov,"5 East Broadway, suite 402",New York,http://lubov.nyc,open,,artguide,"5 East Broadway, #402",browserbase,2026-08-07
Luhring Augustine,Luhring Augustine Tribeca,"17 White Street, New York, NY 10013",New York,http://luhringaugustine.com,open,,artguide,17 White Street,http:homepage,2026-08-07
Luhring Augustine,Luhring Augustine Chelsea,"531 West 24th Street, New York, NY 10011",New York,http://luhringaugustine.com,open,,artguide,17 White Street,http:homepage,2026-08-07
Luxembourg + Co,New York,"595 Madison Avenue, 6th Floor",New York,http://luxembourgco.com,unclear,,artguide,"595 Madison Avenue, 6th Floor",browserbase-failed,2026-08-07
Lydian Stater,,"51-02 21st Street, 4th Floor",New York,http://lydianstater.co,unclear,,artguide,"51-02 21st Street, 4th Floor",browserbase,2026-08-07
M 2 3,,24 Henry Street,New York,http://M23.co,unclear,,artguide,24 Henry Street,browserbase,2026-08-07
M.David & Co. at Art Cake,,214 40th Street,New York,http://mdavidandco.com,unclear,,artguide,214 40th Street,browserbase,2026-08-07
Madison Square Park Conservancy,,11 Madison Avenue,New York,http://madisonsquarepark.org/art,unclear,,artguide,11 Madison Avenue,http:homepage,2026-08-07
Magen H Gallery,Magen H Gallery,54 East 11th Street (Between University and Broadway),New York,http://magenxxcentury.com,open,,artguide,54 East 11th Street,browserbase,2026-08-07
Main Window DUMBO,,1 Main Street,New York,http://mainwindowdumbo.com,unclear,,artguide,1 Main Street,browserbase,2026-08-07
Mama Projects,,"224 West 30th Street, Suite #604",New York,http://mamaprojects.co,unclear,,artguide,"224 West 30th Street, Suite #604",http:homepage,2026-08-07
Management,,"39 E Broadway, 404",New York,http://management.nyc,open,,artguide,"39 East Broadway, #404",http:/info,2026-08-07
Mandarin Express,,"147 West 35th St, #211",New York,http://mandarinexpress.org,unclear,,artguide,"147 West 35th St, #211",http:/about,2026-08-07
MARCH,,62-64 Avenue A,New York,http://marchgallery.org,unclear,,artguide,62-64 Avenue A,browserbase,2026-08-07
Marianne Boesky Gallery,Marianne Boesky Gallery | Chelsea,507 West 24th Street,New York,http://marianneboeskygallery.com,open,,artguide,507 West 24th Street,http:/about,2026-08-07
Marianne Boesky Gallery,Marianne Boesky Gallery | Chelsea,509 West 24th Street,New York,http://marianneboeskygallery.com,open,,artguide,507 West 24th Street,http:/about,2026-08-07
Mariposa,,150 W 28th Street,New York,http://mariposa.gallery,open,,artguide,"150 West 28th Street, Suite 1101",browserbase,2026-08-07
Marisa Newman Projects,,"Street Address New York, NY",New York,http://marisanewman.com,open,,artguide,"38 West 32nd Street, Suite #1602",browserbase,2026-08-07
Marlborough Gallery,New York,545 West 25th Street,New York,https://www.marlboroughgallery.com/,open,,major-added,,browserbase,2026-08-07
Marlborough Graphics,,545 West 25th Street,New York,http://marlboroughgraphics.com,closed,"The Board of Trustees of Marlborough Gallery announced that it is bringing the institution's 78-year history to its culmination, winding down operations at the galleries in New York City, London, Madrid, and Barcelona. As of early June 2024, Marlborough will no longer present exhibitions or represen",artguide,545 West 25th Street,browserbase,2026-08-07
Martos Gallery,,41 Elizabeth St,"New York, NY 10013",http://martosgallery.com,open,,artguide,41 Elizabeth Street,http:/contact,2026-08-07
Massey Klein Gallery,Massey Klein Gallery,124 Forsyth Street,"New York, NY 10002",http://masseyklein.com,open,,artguide,124 Forsyth Street,http:homepage,2026-08-07
Matthew Brown,New York,390 Broadway,New York,http://matthewbrowngallery.com,open,,artguide,390 Broadway,browserbase,2026-08-07
Matthew Marks Gallery,,522 West 22nd Street,New York,http://matthewmarks.com,open,,artguide,522 West 22nd Street,http:homepage,2026-08-07
Matthew Marks Gallery,,523 West 24th Street,New York,http://matthewmarks.com,open,,artguide,522 West 22nd Street,http:homepage,2026-08-07
Matthew Marks Gallery,,526 West 22nd Street,New York,http://matthewmarks.com,open,,artguide,522 West 22nd Street,http:homepage,2026-08-07
Max Levai,Max Levai,"260 5th Avenue #14, New York, NY, 10001",New York,http://maxlevai.com,open,,artguide,529 West 20th Street,browserbase,2026-08-07
Maxwell Graham,,55 Hester Street,New York,http://maxwellgraham.biz,unclear,,artguide,55 Hester Street,http:homepage,2026-08-07
Mendes Wood DM,New York,47 Walker Street,New York,https://mendeswooddm.com/,open,,major-added,,http:homepage,2026-08-07
Meredith Rosen Gallery,,11 East 78th Street,New York,http://meredithrosengallery.com,open,,artguide,327 West 36th Street,browserbase,2026-08-07
Meredith Rosen Gallery,,11 East 80th Street,New York,http://meredithrosengallery.com,open,,artguide,327 West 36th Street,browserbase,2026-08-07
Mery Gates,,1345 Dekalb Avenue,New York,http://merygates.net,unclear,,artguide,1345 Dekalb Avenue,browserbase,2026-08-07
Metro Pictures,,150 Greene Street,New York,https://www.metropictures.com/,closed,"In March of 2021 the gallery announced that it would be closing at the end of the year, concluding with exhibitions by Jim Shaw, Louise Lawler, and Paulina Olowska, the final show which closed on December 11, 2021.",major-added,,http:/info,2026-08-07
Metro Pictures,,169 Mercer Street,New York,https://www.metropictures.com/,closed,"In March of 2021 the gallery announced that it would be closing at the end of the year, concluding with exhibitions by Jim Shaw, Louise Lawler, and Paulina Olowska, the final show which closed on December 11, 2021.",major-added,,http:/info,2026-08-07
mhPROJECTnyc,mh PROJECT nyc,East Village,New York,http://mhprojectnyc.com,open,,artguide,"140-142 2nd Avenue, #306",http:homepage,2026-08-07
Michael Werner,Madison Avenue,"1018 Madison Avenue, 4th Fl.",New York,http://michaelwerner.com,unclear,,artguide,"1018 Madison Avenue, 4th Fl.",browserbase,2026-08-07
Michael Werner Gallery,,,New York,https://www.michaelwerner.com/,unclear,,major-added,,browserbase,2026-08-07
MIGNONI,,"960 Madison Ave, 2nd Floor",New York,http://mignoniart.com,open,,artguide,"960 Madison Avenue, 2nd Floor",browserbase,2026-08-07
Miguel Abreu Gallery,,88 Eldridge Street,New York,http://miguelabreugallery.com,open,,artguide,36 Orchard Street,http:homepage,2026-08-07
Miles McEnery Gallery,,511 West 22nd Street,"New York, NY",https://www.milesmcenery.com/,open,,major-added,,browserbase,2026-08-07
Miles McEnery Gallery,,515 West 22nd Street,"New York, NY",https://www.milesmcenery.com/,open,,major-added,,browserbase,2026-08-07
Miles McEnery Gallery,,520 West 21st Street,"New York, NY",https://www.milesmcenery.com/,open,,major-added,,browserbase,2026-08-07
Miles McEnery Gallery,,525 West 22nd Street,"New York, NY",https://www.milesmcenery.com/,open,,major-added,,browserbase,2026-08-07
mimo,,1347 Myrtle Avenue,New York,http://mimomimomimo.com,unclear,,artguide,1347 Myrtle Avenue,browserbase,2026-08-07
Miriam,,"319 Bedford Ave, Williamsburg","Brooklyn, NY 11211",http://miriamgallery.com,open,,artguide,319 Bedford Avenue,browserbase,2026-08-07
Mishkin Gallery at Baruch College (CUNY),Mishkin Gallery,135 EAST 22nd Street,New York,http://weissman.baruch.cuny.edu/mishkin-gallery,open,,artguide,135 East 22nd Street,http:homepage,2026-08-07
Mister Fahrenheit,,234 West 10th Street,New York,http://misterfahrenheitny.com,unclear,,artguide,234 West 10th Street,browserbase,2026-08-07
Mitchell Algus Gallery,,"132 Delancey St, 2nd fl",New York,http://mitchellalgusgallery.com,open,,artguide,"132 Delancey Street, 2nd Fl.",http:/info,2026-08-07
Mizuma & Kips,,337 East 50th Street 3A,New York,http://mizumakips.com,open,,artguide,"324 Grand Street, Ground Floor",http:homepage,2026-08-07
Mnuchin Gallery,,,New York,https://www.mnuchingallery.com/,unclear,,major-added,,browserbase,2026-08-07
Modern Fine Art,,15 East 76th Street,New York,http://modernfineart.com,unclear,,artguide,15 East 76th Street,http:homepage,2026-08-07
Montague Contemporary,,"526 West 26th Street, 4th Floor",New York,http://montaguecontemporary.com,open,,artguide,"526 West 26th Street, 4th Floor",http:homepage,2026-08-07
Morgan Lehman Gallery,,"526 West 26th Street, Suite 410",New York,http://morganlehmangallery.com,open,,artguide,"526 West 26th Street, 4th Floor, Suite #410",http:/contact,2026-08-07
Morgan Presents,,537 W 27th Street,New York,http://morgan-presents.com,open,,artguide,537 West 27th Street,http:/contact,2026-08-07
Morrison Hotel Gallery,,"116 Prince Street, 2nd Floor",New York,http://morrisonhotelgallery.com,unclear,,artguide,"116 Prince Street, 2nd Floor",http:homepage,2026-08-07
Morton Street Partners,,16 Morton Street,New York,http://mortonstreetpartners.com,open,,artguide,16 Morton Street,browserbase,2026-08-07
Museum 54,,16B Orchard Street,New York,http://museum54.com,unclear,,artguide,16B Orchard Street,browserbase,2026-08-07
my pet ram,,48 Hester Street,New York,http://mypetram.com,open,,artguide,48 Hester Street,browserbase,2026-08-07
N.A.ME,,94 Saratoga Avenue,New York,http://na-me.art,unclear,,artguide,94 Saratoga Avenue,browserbase,2026-08-07
nAd gallery,,184 Noll Street,New York,http://narukiartdojo.com,unclear,,artguide,184 Noll Street,http:homepage,2026-08-07
NADA,LUNCH,"311 East Broadway, 2nd Fl.",New York,http://newartdealers.org/lunch,unclear,,artguide,"311 East Broadway, 2nd Fl.",http:/about,2026-08-07
Nagas,,"47 W 28th St, Floor 2","New York, NY",http://nagas.art,open,,artguide,"47 W 28th Street, 2nd Floor",http:/contact,2026-08-07
Nahmad Contemporary,,,New York,https://www.nahmadcontemporary.com/,unclear,,major-added,,http:homepage,2026-08-07
Nahmad Contemporary,,"(980 Madison Avenue, 3rd Floor (Temporarily Closed)",New York,http://nahmadcontemporary.com,unclear,,artguide,"(980 Madison Avenue, 3rd Floor (Temporarily Closed)",http:homepage,2026-08-07
Nailya Alexander Gallery,,24 W 57th Street,New York,http://nailyaalexandergallery.com,open,,artguide,private gallery,http:/about,2026-08-07
Nailya Alexander Gallery,,41 E 57th Street,New York,http://nailyaalexandergallery.com,open,,artguide,private gallery,http:/about,2026-08-07
Nancy Hoffman Gallery,,520 West 27 Street,New York,http://nancyhoffmangallery.com,open,,artguide,520 West 27th Street,browserbase,2026-08-07
NARS Foundation,,201 46th Street 4th Floor,Brooklyn,http://narsfoundation.org,open,,artguide,"201 46th Street, 4th & 2nd Floor",http:homepage,2026-08-07
New Discretions,,"515 W 20th Street, 3rd Floor",New York,http://newdiscretions.com,unclear,,artguide,"515 W 20th Street, 3rd Floor",browserbase,2026-08-07
New Uncanny,,2335 12th Avenue,New York,http://newuncanny.com,unclear,,artguide,2335 12th Avenue,http:homepage,2026-08-07
New York Academy of Art,,111 Franklin Street,New York,http://nyaa.edu/exhibitions-lectures/upcoming-exhibitions,open,,artguide,111 Franklin Street,http:homepage,2026-08-07
New York Art Culture,Gallery space,17 Essex St.,"New York, NY, 10002",http://currentarts.com,open,,artguide,17 Essex Street,browserbase,2026-08-07
New York Life Gallery,,"167-169 Canal Street, Floor 5",New York,http://newyorklifegallery.com,open,,artguide,"167-169 Canal Street, Floor 5",http:/contact,2026-08-07
New York Live Arts,New York Live Arts,219 W 19th Street,New York,http://newyorklivearts.org,open,,artguide,219 West 19th Street,http:homepage,2026-08-07
New York School of Interior Design Gallery,NYSID Gallery,170 E. 70th Street,New York,http://nysid.edu/exhibitions,open,,artguide,170 East 70th Street,browserbase,2026-08-07
New York School of Interior Design Gallery,NYSID Graduate Center,401 Park Ave South at 28th Street,New York,http://nysid.edu/exhibitions,open,,artguide,170 East 70th Street,browserbase,2026-08-07
"New York Studio School of Drawing, Painting, and Sculpture",,"8 W 8th St, New York, NY 10011",New York,http://nyss.org/exhibitions,open,,artguide,8 West 8th Street,http:homepage,2026-08-07
Newhouse Center for Contemporary Art,Snug Harbor Cultural Center & Botanical Garden,"1000 Richmond Terrace, Building C & 1st Floor of Building G",New York,http://snug-harbor.org/newhousecenter/,unclear,,artguide,"1000 Richmond Terrace, Building C & 1st Floor of Building G",browserbase,2026-08-07
Nicelle Beauchene Gallery,,7 FRANKLIN PLACE,NEW YORK,https://nicellebeauchene.com/,open,,major-added,,http:/locations,2026-08-07
Nicola Vassell Gallery,,138 Tenth Avenue,New York,https://www.nicolavassell.com/,open,,major-added,,http:homepage,2026-08-07
Nicolas Auvray Gallery,,"522 West 23rd Street, New York, NY 10011",New York,http://nicolasauvraygallery.com,open,,artguide,522 West 23rd Street,http:homepage,2026-08-07
Nicole Klagsbrun,,"526 West 26th Street, Room 318",New York,http://nicoleklagsbrun.com,open,,artguide,"526 West 26th Street, Room 318",browserbase,2026-08-07
Nino Mier Gallery,,,New York,https://ninomiergallery.com/,unclear,,major-added,,browserbase,2026-08-07
No Inc.,,"123 Bowery, 5th Fl.",New York,http://no.inc,unclear,,artguide,"123 Bowery, 5th Fl.",browserbase,2026-08-07
Nohra Haime Gallery,Nohra Haime Gallery,500A West 21st Street,New York,http://nohrahaimegallery.com,open,,artguide,500A West 21st Street,browserbase,2026-08-07
NORR COHAN,NORR COHAN,48 WALKER ST,"NEW YORK, NY",http://norrcohan.com,open,,artguide,"48 Walker Street, Ground Floor",http:homepage,2026-08-07
NORR COHAN,NORR COHAN,"52 WALKER ST, 2ND FL","NEW YORK, NY",http://norrcohan.com,open,,artguide,"48 Walker Street, Ground Floor",http:homepage,2026-08-07
Nunu Fine Art,"Nunu Fine Art, New York","381 Broome St, New York, NY 10013, USA",New York,http://nunufineart.com,open,,artguide,381 Broome Street,browserbase,2026-08-07
NYU Casa Italiana Zerilli-Marimò,,24 West 12th Street,New York,http://casaitaliananyu.org,open,,artguide,24 West 12th Street,browserbase,2026-08-07
OCDChinatown,OCDChinatown,75 East Broadway,New York,http://ocdchinatown.com,open,,artguide,75 East Broadway,http:homepage,2026-08-07
Off Paradise,Off Paradise,120 Walker Street,New York,https://offparadise.com/,open,,major-added,,browserbase,2026-08-07
Office Space,,TBD,New York,http://officespacegallery.com,unclear,,artguide,TBD,browserbase,2026-08-07
Okey Dokey Konrad Fischer,,9 White St.,"New York, NY",http://okeydokeykonradfischer.com,open,,artguide,9 White Street,browserbase,2026-08-07
Olfactory Art Keller,Olfactory Art Keller,25A Henry Street,New York,http://olfactoryartkeller.com,unclear,,artguide,25 Henry Street,browserbase,2026-08-07
Olney Gleason,,509 WEST 27TH STREET,"New York, NY 10001",http://olneygleason.com,open,,artguide,297 Tenth Avenue,http:homepage,2026-08-07
On the Fringe,,72 Warren Street,New York,http://onthefringeny.com,unclear,,artguide,72 Warren Street,http:homepage,2026-08-07
One Art Space,Street-level--Gallery 1,23 Warren Street,New York,http://oneartspace.com,open,,artguide,"23 Warren Street, Gallery #1",http:homepage,2026-08-07
Onishi Gallery,ONISHI GALLERY NEW YORK,"16 E 79th Street, Ground Floor",New York,http://onishigallery.com,open,,artguide,"521 West 26th Street, Basement",http:homepage,2026-08-07
Onna House,SoHo,383 W Broadway,New York,http://onnahouse.com,open,,artguide,383 W Broadway,browserbase,2026-08-07
Oolong Gallery,,4 Cortlandt Alley,"New York, NY",http://oolongallery.com,open,,artguide,4 Cortlandt Alley,http:homepage,2026-08-07
Open Source Gallery,,306 17th Street,Brooklyn,http://open-source-gallery.org,open,,artguide,306 17th Street,browserbase,2026-08-07
Open Studio,Lower East Side space,127 Henry Street,New York,http://openstudionyc.com,open,,artguide,127 Henry Street,browserbase,2026-08-07
Opera Gallery,New York,827 Madison Avenue,New York,http://operagallery.com,open,,artguide,791 Madison Avenue,http:/contact,2026-08-07
Ortuzar,,5 White Street,New York,https://www.ortuzar.com/,open,,major-added,,browserbase,2026-08-07
P.A.D.,,SoHo,New York,http://www.instagram.com/project_art_distribution/,unclear,,artguide,SoHo,browserbase,2026-08-07
Pablo's Birthday,,"105 Hudson Street, # 410",New York,http://pablosbirthday.com,open,,artguide,"105 Hudson Street, Apt #410",http:homepage,2026-08-07
Pace,,536 West 22nd Street,New York,http://paceafricanart.com,open,,artguide,536 West 22nd Street,http:homepage,2026-08-07
Pace Prints,Main Gallery,536 West 22nd Street,New York,https://paceprints.com/home,open,,major-added,,http:homepage,2026-08-07
Pace University Art Gallery,Art Gallery at Pace University,One Pace Plaza,New York,http://pace.edu/dyson/life-dyson/art-gallery,open,,artguide,"41 Park Row, 1st Floor (Spruce Street entrance)",http:homepage,2026-08-07
PAGE (NYC),,"218 CENTRE STREET, NEW YORK NY 10013",New York,http://page-nyc.com,open,,artguide,218 Centre Street,browserbase,2026-08-07
Palitz Gallery,Joseph I. Lubin House,11 East 61st Street,New York,http://nyc.syr.edu/about/lubin-house/index.html,open,,artguide,11 East 61st Street,http:homepage,2026-08-07
palladium/Athena Project,,100 Jewel Street,New York,http://instagram.com/palladium.athena.project,unclear,,artguide,100 Jewel Street,browserbase,2026-08-07
Palo Gallery,,21 East 3rd St.,New York,http://palogallery.com,open,,artguide,30 Bond Street,http:homepage,2026-08-07
Park Avenue Armory,Thompson Arts Center at Park Avenue Armory,643 Park Avenue,New York,http://armoryonpark.org,open,,artguide,643 Park Avenue,browserbase,2026-08-07
Patrick Leonard Gallery,Patrick Leonard Gallery,227 East 24th Street,New York,http://patrickleonardcontemporary.com,open,,artguide,227 E 24th Street,http:homepage,2026-08-07
Patrick Parrish,,Appointment Only at Brooklyn Navy Yard,New York,http://patrickparrish.com,unclear,,artguide,Appointment Only at Brooklyn Navy Yard,http:homepage,2026-08-07
Paul Soto,PAUL SOTO,"121 West 27th Street, No. 703",New York,http://paulsoto.net,unclear,,artguide,"121 West 27th Street, Suite #703",browserbase,2026-08-07
Paula Cooper Gallery,,529 West 21st Street,New York,http://paulacoopergallery.com,open,,artguide,521 West 21st Street,browserbase,2026-08-07
Paula Cooper Gallery,,"534 W 21st Street, NY, NY 10011",New York,http://paulacoopergallery.com,open,,artguide,521 West 21st Street,browserbase,2026-08-07
Pearl River Mart Gallery,,452 Broadway,New York,http://pearlriver.com/pages/about-our-gallery,open,,artguide,452 Broadway,http:homepage,2026-08-07
Pen and Brush,Pen + Brush Gallery,29 East 22nd Street,"New York, NY",http://penandbrush.org,open,,artguide,29 East 22nd Street,http:homepage,2026-08-07
Penumbra Foundation,,36 East 30th Street,New York,http://penumbrafoundation.org,open,,artguide,36 East 30th Street,browserbase,2026-08-07
Perrotin,,,New York,https://www.perrotin.com/en,unclear,,major-added,,browserbase,2026-08-07
Perrotin,New York,130 Orchard Street,New York,http://perrotin.com,unclear,,artguide,130 Orchard Street,browserbase,2026-08-07
PES FUTURES,PES FUTURES,128 Baxter St,New York,http://pesfutures.org,open,,artguide,128 Baxter Street,browserbase,2026-08-07
Peter Blum Gallery,Peter Blum Gallery,176 Grand Street,New York,https://www.peterblumgallery.com/,open,,major-added,,http:/about,2026-08-07
Peter Freeman,New York,140 Grand Street,New York,https://www.peterfreemaninc.com/,open,,major-added,,http:homepage,2026-08-07
Petra Bibeau,New York,18th Street,New York,http://petrabibeau.net,unclear,,artguide,18th Street,browserbase,2026-08-07
Petzel Gallery,,520 W 25th Street,New York,http://petzel.com,open,,artguide,520 West 25th Street,http:homepage,2026-08-07
Philippe Labaune Gallery,Philippe Labaune Gallery,"534 West 24th Street, Ground Floor",New York,http://philippelabaune.com,open,,artguide,"534 West 24th Street, Ground Floor",http:homepage,2026-08-07
Picture Room,,117 Atlantic Ave,"Brooklyn, NY",http://pictureroom.shop,open,,artguide,117 Atlantic Avenue,browserbase,2026-08-07
Picture Theory,,"548 West 28th Street, Suite #238",New York,http://picturetheoryprojects.com,unclear,,artguide,"548 West 28th Street, Suite #238",browserbase,2026-08-07
Pierogi,Brooklyn Location,175 North 9th Street,Brooklyn,http://pierogi2000.com,open,,artguide,175 North 9th Street,http:/contact,2026-08-07
Pierre Yovanovitch,Galerie New York,"555 West 25th Street New York, NY 10001",New York,http://pierreyovanovitch.com,open,,artguide,555 West 25th Street,http:homepage,2026-08-07
Pietro Alexander,,"59 Wooster Street, 2nd Floor",New York,http://pietroalexander.com,open,,artguide,"59 Wooster Street, 2nd Floor",http:/contact,2026-08-07
Planthouse,,"526 W 26th Street, Suite 416",New York,http://planthouse.net,unclear,,artguide,"526 W 26th Street, Suite 416",browserbase,2026-08-07
Platform Project Space,,20 Jay Street #319,New York,http://platformprojectspace.com,unclear,,artguide,20 Jay Street #319,browserbase,2026-08-07
Plein Ventures,,"132 Bowery, 3rd Fl.",New York,http://pleinventures.com,unclear,,artguide,"132 Bowery, 3rd Fl.",browserbase,2026-08-07
Plum Gallery,,105 Henry Street,New York,http://instagram.com/plum.gallery,unclear,,artguide,105 Henry Street,browserbase,2026-08-07
Pocket Utopia (roving),,"@Peep Space, 92 Central Avenue",New York,http://instagram.com/pocket.utopia,unclear,,artguide,"@Peep Space, 92 Central Avenue",browserbase,2026-08-07
Pop Gun,,293 23rd Street,New York,http://popgunart.com,unclear,,artguide,293 23rd Street,browserbase,2026-08-07
Portal 5,,373 Broadway suite 511,New York,http://portal-5.com,open,,artguide,"373 Broadway, Suite 511",browserbase,2026-08-07
Post Times,,29 Henry Street,"New York, NY 10002",http://post-times.com,open,,artguide,29 Henry Street,browserbase,2026-08-07
Postmasters,,,New York,https://www.postmastersart.com/,unclear,,major-added,,browserbase,2026-08-07
Postmasters,,568 Broadway Ave suite 606,New York,http://postmastersart.com,unclear,,artguide,568 Broadway Ave suite 606,browserbase,2026-08-07
PPOW,2nd Floor,"390 Broadway, 2nd Floor",New York,https://www.ppowgallery.com/,open,,major-added,,http:homepage,2026-08-07
PPOW,,392 Broadway,New York,https://www.ppowgallery.com/,open,,major-added,,http:homepage,2026-08-07
Praxis,PRAXIS NEW YORK,501 W 20th Street,New York,http://praxis-art.com/en,open,,artguide,501A West 20th Street,browserbase,2026-08-07
Protocinema,New York,31 Madison Street,New York,http://protocinema.org,unclear,,artguide,31 Madison Street,http:/about,2026-08-07
PROXYCO GALLERY,,"88 Eldridge Street, 5th Floor",New York,http://proxycogallery.com,open,,artguide,88 Eldridge Street,http:homepage,2026-08-07
Psychic Readings*,Psychic Readings*,629 E 6 St,New York,http://psychicreadingsgallery.com,open,,artguide,629 East 6th Street,browserbase,2026-08-07
Public Art Fund,Lincoln Center,"10 Lincoln Center Plaza, David Geffen Hall",New York,http://publicartfund.org,unclear,,artguide,"10 Lincoln Center Plaza, David Geffen Hall",http:homepage,2026-08-07
Public Art Fund,Rockefeller Center,45 Rockefeller Center Plaza,New York,http://publicartfund.org,unclear,,artguide,45 Rockefeller Center Plaza,http:homepage,2026-08-07
Public Art Fund,MetroTech Center,"MetroTech Center, City Hall Park",New York,http://publicartfund.org,unclear,,artguide,"MetroTech Center, City Hall Park",http:homepage,2026-08-07
Ramiken,,,New York,https://ramiken.com.au/,unclear,,major-added,,http:homepage,2026-08-07
Ramiken,,389 Grand Street,New York,http://ramiken.biz,open,,artguide,389 Grand Street,browserbase,2026-08-07
Recess,,46 Washington Avenue,"Brooklyn, NY",http://recessart.org,open,,artguide,46 Washington Avenue,http:homepage,2026-08-07
Rectangle Room,,"Primary Photographic, 113 Eldridge Street",New York,http://rectangleroom.com,unclear,,artguide,"Primary Photographic, 113 Eldridge Street",http:homepage,2026-08-07
Reena Spaulings Fine Art,,"165 East Broadway, second floor",New York,http://reenaspaulings.com,open,,artguide,"165 East Broadway, 2nd Floor",browserbase,2026-08-07
Renee & Chaim Gross Foundation,,526 Laguardia Place,New York,http://rcgrossfoundation.org,open,,artguide,526 LaGuardia Place,http:/visit,2026-08-07
Ricco/Maresca Gallery,,125 W 18TH ST BOOTH B10,New York,https://www.riccomaresca.com/,open,,major-added,,http:homepage,2026-08-07
Ricco/Maresca Gallery,,"529 West 20th Street, 3rd Floor",New York,https://www.riccomaresca.com/,open,,major-added,,http:homepage,2026-08-07
Ricco/Maresca Gallery,,PIER 36 299 South Street,New York,https://www.riccomaresca.com/,open,,major-added,,http:homepage,2026-08-07
Richard Taittinger Gallery,,154 Ludlow St,New York,http://richardtaittinger.com,open,,artguide,154 Ludlow Street,browserbase,2026-08-07
Rick Wester Fine Art,,526 West 26th Street Suite 417,"New York, NY 10001",http://rickwesterfineart.com,open,,artguide,"526 West 26th Street, Suite 417",browserbase,2026-08-07
Robert Mann Gallery,,508 West 26th Street Suite 4C,"New York, NY 10001",http://robertmann.com,open,,artguide,"508 West 26th Street, Suite 9F",browserbase,2026-08-07
Robilant + Voena,New York,"19 E 66th Street, 4th Fl.",New York,http://robilantvoena.com,unclear,,artguide,"19 E 66th Street, 4th Fl.",browserbase,2026-08-07
Robin Rice Gallery,,325 West 11th Street,New York,http://robinricegallery.com,open,,artguide,325 West 11th Street,browserbase,2026-08-07
Ronald Feldman,,31 Mercer Street,New York,https://feldmangallery.com/,open,,major-added,,http:homepage,2026-08-07
Room 57 Gallery,Room 57 Gallery,235 E 57th Street,New York,http://room57gallery.com,open,,artguide,235 East 57th Street,browserbase,2026-08-07
Rosebud Contemporary,,526 W 26th St #606,New York,http://rosebudcontemporary.com,open,,artguide,"526 West 26th Street, #606",browserbase,2026-08-07
Ross+Kramer Gallery,New York,515 West 27th Street,New York,http://rkgallery.com,unclear,,artguide,515 West 27th Street,browserbase,2026-08-07
Roundcube Contemporary,,"547 W 27th Street, 4th Fl.",New York,http://roundcubecontemporary.com,unclear,,artguide,"547 W 27th Street, 4th Fl.",browserbase,2026-08-07
Rumpelstiltskin,Rumpelstiltskin,"34 W 27th St, #302","New York, NY 10001",http://rumpelstiltskin.biz,open,,artguide,"34 West 27th Street, #302",browserbase,2026-08-07
Saint Laurent Rive Droite,New York,72 Gansevoort Street,New York,http://ysl.com/en-us/rive-droite/calendar/rachel-rossin-exhibition,unclear,,artguide,72 Gansevoort Street,http:/contact,2026-08-07
Salma Sarriedine,,"116 Elizabeth Street, 3rd Fl.",New York,http://salmasarriedine.com,unclear,,artguide,"116 Elizabeth Street, 3rd Fl.",browserbase,2026-08-07
Salon 94,The Met Breuer,3 E 89th Street,New York,http://salon94.com,open,,artguide,3 East 89th Street,browserbase,2026-08-07
Sara's,,64 Fulton Street,New York,http://saras.world,unclear,,artguide,64 Fulton Street,browserbase,2026-08-07
SARAHCROWN,New York Gallery,373 Broadway (2nd floor),New York,http://sarahcrown.com,open,,artguide,"373 Broadway, #215",browserbase,2026-08-07
Sargent's Daughters,,,New York,https://www.sargentsdaughters.com/,unclear,,major-added,,browserbase,2026-08-07
Satchel Projects,,526 W 26TH #913,NYC,http://satchelprojects.com,open,,artguide,"526 West 26th Street, #913",browserbase,2026-08-07
SATELLITE GALLERY,Manhattan,279 Broome Street,New York City,http://satellite-show.com,open,,artguide,279 Broome Street,browserbase,2026-08-07
Savage Wonderground,TRIBECA,89 Franklin St,"New York, NY 10013",http://savagewonderground.org,open,,artguide,89 Franklin Street,http:homepage,2026-08-07
Sean Kelly,New York,475 Tenth Avenue,New York,https://www.skny.com/,open,,major-added,,browserbase,2026-08-07
Sears Peyton Gallery,NEW YORK,"210 Eleventh Avenue, Suite 802",New York,http://searspeyton.com,open,,artguide,"210 11th Avenue, Suite #802",http:homepage,2026-08-07
See,Me Gallery,"15 East 40th Street, 11th Fl. @ The BLANC",New York,http://see.me,unclear,,artguide,"15 East 40th Street, 11th Fl. @ The BLANC",browserbase,2026-08-07
Selenas Mountain,,176 Woodward Ave.,New York,http://selenasmountain.com,unclear,,artguide,176 Woodward Ave.,browserbase,2026-08-07
Shamnoski Gallery,SHAMNOSKI,115 East 72nd Street,"New York, NY",http://shamnoski.com,open,,artguide,115 East 72nd Street,http:/contact,2026-08-07
Sheila C. Johnson Design Center,Sheila C. Johnson Design Center,66 Fifth Avenue at 13th Street,New York,http://newschool.edu/parsons/sheila-c-johnson-design-center,open,,artguide,"66 Fifth Avenue, Ground Floor",http:homepage,2026-08-07
Shelter,,127 Eldridge Street,New York,http://shelternyc.com,unclear,,artguide,127 Eldridge Street,browserbase,2026-08-07
Shirley Fiterman Art Center,"BMCC, CUNY",81 Barclay Street,New York,http://bmcc.cuny.edu/sfac/,unclear,,artguide,81 Barclay Street,browserbase,2026-08-07
Shisanwu at Sheerly Touch-Ya Warehouse,,74-12 88th Street,New York,http://shisanwu.net,unclear,,artguide,74-12 88th Street,browserbase,2026-08-07
Shoot The Lobster,New York,138 Eldridge Street,New York,http://shootthelobster.com,unclear,,artguide,138 Eldridge Street,browserbase,2026-08-07
Shrine,,,New York,https://www.shrine.com/,unclear,,major-added,,browserbase,2026-08-07
signs and symbols,signs and symbols,249 East Houston Street,New York,http://signsandsymbols.art,open,,artguide,249 East Houston Street,browserbase,2026-08-07
Sikkema Jenkins,,,New York,https://www.smjny.com/,unclear,,major-added,,browserbase,2026-08-07
Simone Subal Gallery,,,New York,https://simonesubal.com/,closed,"Simone Subal Gallery permanently closed on June 22nd, 2024.",major-added,,http:homepage,2026-08-07
SINCLAIR,,269 Stanhope Street Lower Level,Brooklyn,http://gallerysinclair.com,open,,artguide,"269 Stanhope Street, Lower Level",browserbase,2026-08-07
Site Service,Nine,"9 Monroe St, New York, NY 10002",New York,http://site-service.org,open,,artguide,"9 Monroe Street, Basement level",http:homepage,2026-08-07
Site Service,,"Chelsea Industrial, New York, NY 10001",New York,http://site-service.org,open,,artguide,"9 Monroe Street, Basement level",http:homepage,2026-08-07
Site Service,Dear Friend Books,"Dear Friend Books, Bedford-Stuyvesant, Brooklyn",Brooklyn,http://site-service.org,open,,artguide,"9 Monroe Street, Basement level",http:homepage,2026-08-07
Sitting Room,Sitting Room Gallery,195 Henry Street,New York,http://sittingroomgallery.com,unclear,,artguide,195 Henry Street,browserbase,2026-08-07
Situations,,127 Henry Street,New York,https://www.situations.us/,open,,major-added,,browserbase,2026-08-07
Situations,,"515 W 20TH STREET, 3RD FLOOR",New York,https://www.situations.us/,open,,major-added,,browserbase,2026-08-07
Skarstedt,New York,20 East 79th Street,New York,https://www.skarstedt.com/,open,,major-added,,browserbase,2026-08-07
Skarstedt,New York,547 West 25th,New York,https://www.skarstedt.com/,open,,major-added,,browserbase,2026-08-07
Skarstedt Gallery,New York,20 East 79th Street,New York,http://skarstedt.com,open,,artguide,20 East 79th Street,browserbase,2026-08-07
Skarstedt Gallery,New York,547 West 25th,New York,http://skarstedt.com,open,,artguide,20 East 79th Street,browserbase,2026-08-07
Skoto Gallery,,"529 w 20th st, 5fl.",New York,http://skotogallery.com,open,,artguide,"529 West 20th Street, 5th Floor",http:homepage,2026-08-07
Slip House,Slip House,246 East 5th Street,New York,http://slip-house.com,open,,artguide,246 East 5th Street,browserbase,2026-08-07
Smilers,,"431 E 6th Street, #B",New York,http://smilers.nyc,open,,artguide,"431 E 6th Street, #B",browserbase,2026-08-07
Snow Gallery,,430 Via Vespucci,"Brooklyn, NY",http://snowgallerynyc.com,open,,artguide,430 Graham Avenue,http:homepage,2026-08-07
Soft Network,PARTICIPANT INC,116 Elizabeth St floor one,"New York, NY 10013",http://softnetwork.art,open,,artguide,"636 Broadway, #320",browserbase,2026-08-07
Soho Photo Gallery,Soho Photo Gallery,539 W 23rd Street,New York,http://sohophoto.com,open,,artguide,15 White Street,http:homepage,2026-08-07
SOHO20 Gallery,,56 Bogart Street,New York,http://soho20gallery.com,unclear,,artguide,56 Bogart Street,browserbase,2026-08-07
Sojourner Gallery,GREENWICH VILLAGE,178 Bleecker Street 2nd Floor,New York,http://sojournergallery.com,open,,artguide,"178 Bleecker Street, 2nd Fl.",browserbase,2026-08-07
Solas Studio,,"117 East 24th St, Second Floor, New York, NY, 10010, United States",New York,http://solas.studio,open,,artguide,"117 E 24th Street, 2nd Floor",browserbase,2026-08-07
Someday,,120 Walker Street #3R,New York,http://somedaygallery.com,closed,"I am writing now with an openly personal ""hello"" in order to say a proper ""goodbye."" ... I opened Someday to cultivate a certain energy... I am proud that we did that for a little while... Opening and operating Someday has been the best, worst thing I've ever done.",artguide,"120 Walker Street, #3R",http:homepage,2026-08-07
Sorrel Sky Gallery,,419 West Broadway,New York,http://sorrelsky.com,unclear,,artguide,419 West Broadway,http:homepage,2026-08-07
Space ZeroOne,,371 Broadway,New York,http://zeroone.space,unclear,,artguide,371 Broadway,http:homepage,2026-08-07
Space776,NEW YORK,"37-39 Clinton St, New York, NY 10002, United States",New York,http://space776.com,open,,artguide,"37-39 Clinton Street, 1st Floor",browserbase,2026-08-07
Spanierman Modern,,"958 Madison Avenue, 2nd Fl.",New York,http://spaniermanmodern.com,closed,"Though there longer is a a traditional brick and mortar space to hold exhibitions, I remain at your service.",artguide,"958 Madison Avenue, 2nd Fl.",http:/about,2026-08-07
Sperone Westwater,,257 Bowery,New York,https://www.speronewestwater.com/,closed,"After fifty successful years, Sperone Westwater Gallery will be closing on December 31, as cofounders Angela Westwater and Gian Enzo Sperone have decided to pursue separate endeavors.",major-added,,browserbase,2026-08-07
SPIELZEUG,,165 Allen Street,New York,http://spielzeug.gallery,open,,artguide,165 Allen Street,browserbase,2026-08-07
Spill 180,Broodworks,100 N 3rd St,NYC,http://spill180.com,unclear,,artguide,100 N 3rd Street,browserbase,2026-08-07
Spoof.Project,,15-40 Decatur Street,New York,http://spoofproject.com,unclear,,artguide,15-40 Decatur Street,browserbase,2026-08-07
Springs Projects,Springs Projects,20 Jay St. Suite 311B,Brooklyn,http://springsprojects.com,open,,artguide,"20 Jay Street, Suite 311B",browserbase,2026-08-07
Stand4 Gallery,,414 78th Street,New York,http://stand4gallery.org,unclear,,artguide,414 78th Street,http:homepage,2026-08-07
Stephen Street Gallery,,16-79 Stephen Street,New York,http://stephenstreetgallery.com,unclear,,artguide,16-79 Stephen Street,browserbase,2026-08-07
Steven Amedee Gallery,Steven Amedee,41 North Moore Street,"New York, NY, 10013",http://stevenamedee.com/exhibitions,open,,artguide,41 N Moore Street,browserbase,2026-08-07
Steven S. Powers,Steven S. Powers Gallery,53 Stanton St,"New York, NY",http://stevenspowers.com,open,,artguide,53 Stanton Street,http:homepage,2026-08-07
Storage,Storage,"52 Walker Street, 4th Floor","Tribeca, New York",http://storageartgallery.com,open,,artguide,"52 Walker Street, 4th Fl.",browserbase,2026-08-07
strobe,,373 Broadway,New York,http://s-t-r-o-b-e.biz,unclear,,artguide,373 Broadway,browserbase,2026-08-07
Studio 9D,,"508 West 26th Street, Studio 9D",New York,http://instagram.com/studioninedee,unclear,,artguide,"508 West 26th Street, Studio 9D",browserbase,2026-08-07
Studio in a School Gallery,Studio in a School Association,75 West End Ave,New York,http://studioinaschoolgallery.org,open,,artguide,1 East 53rd Street,http:homepage,2026-08-07
Studio Underground,,393 B West Broadway,New York,http://studiounderground.co,unclear,,artguide,393 B West Broadway,browserbase,2026-08-07
Studio2M,,Email for address,New York,http://studio2mnyc.com,unclear,,artguide,Email for address,browserbase,2026-08-07
Stuyvesant-Fish House,Cooper Union,21 Stuyvesant Street,New York,http://https://cooper.edu/events-and-exhibitions/exhibitions,unclear,,artguide,21 Stuyvesant Street,browserbase-failed,2026-08-07
Sue Tear,,834 Hart St,"Brooklyn, NY 11237",http://suetear.com,open,,artguide,Located Underneath 834 Hart Street,browserbase,2026-08-07
Sugarlift,,43-01 22nd Street Studio 130 + 131,"Long Island City, NY",http://sugarlift.com,open,,artguide,508 West 28th Street,http:/about,2026-08-07
Summertime,,145 Ainslie Street,Brooklyn,http://summertimegallery.org,open,,artguide,145 Ainslie Street,browserbase,2026-08-07
Superhouse,Superhouse,"120 Walker Street, 6R",New York,http://superhouse.us,open,,artguide,"120 Walker Street, 6R",browserbase,2026-08-07
Susan Inglett Gallery,,,New York,https://www.inglettgallery.com/,unclear,,major-added,,http:homepage,2026-08-07
SVA Chelsea Gallery,SVA Flatiron Gallery and Flatiron Windows,"133/141 West 21st Street, 1st floor",New York,http://galleries.sva.edu,open,,artguide,"601 West 26th Street, 15th Floor, Starrett Lehigh Building",http:homepage,2026-08-07
SVA Chelsea Gallery,SVA Gramercy Gallery,"209 East 23rd Street, 1st floor",New York,http://galleries.sva.edu,open,,artguide,"601 West 26th Street, 15th Floor, Starrett Lehigh Building",http:homepage,2026-08-07
SVA Chelsea Gallery,SVA Chelsea Gallery,"601 West 26th Street, 15th floor",New York,http://galleries.sva.edu,open,,artguide,"601 West 26th Street, 15th Floor, Starrett Lehigh Building",http:homepage,2026-08-07
SVA MA Curatorial Practice,MA Curatorial Practice | School of Visual Arts,"132 West 21st Street, 10th Floor",New York,http://macp.sva.edu,open,,artguide,"132 West 21st Street, 10th Fl.",browserbase,2026-08-07
Swanson Kuball,,"9–20 35th Avenue, Suite 2F2",New York,http://swansonkuball.com,unclear,,artguide,"9–20 35th Avenue, Suite 2F2",browserbase,2026-08-07
Sweet Lorraine Gallery,,183 Lorraine Street,New York,http://instagram.com/sweetlorrainegallery,unclear,,artguide,183 Lorraine Street,browserbase,2026-08-07
Swiss Institute,,250 Bowery,New York,http://swissinstitute.net,open,,artguide,38 St Marks Place,http:homepage,2026-08-07
Swivel Gallery,,555 Greenwich Street,New York,http://swivelgallery.com,open,,artguide,555 Greenwich Street,browserbase,2026-08-07
Taller Boricua Gallery,Taller Boricua Gallery,1680 Lexington Avenue,"New York, NY 10029",http://tallerboricua.org,open,,artguide,1680 Lexington Avenue,http:homepage,2026-08-07
Taller Boricua Gallery,Rafael Tufiño Printmaking Workshop,215 E 99th St,"New York, NY 10029",http://tallerboricua.org,open,,artguide,1680 Lexington Avenue,http:homepage,2026-08-07
Talwar Gallery,Talwar Gallery | New York,108 East 16 Street,New York,http://talwargallery.com,open,,artguide,108 East 16th Street,http:homepage,2026-08-07
Tanya Bonakdar Gallery,,521 West 21st Street,New York,https://www.tanyabonakdargallery.com/,open,,major-added,,http:homepage,2026-08-07
Taylor Graham,New York Viewing Space,39 East 78th Street Suite 601,New York,http://taylorandgraham.com,open,,artguide,5 East 82nd Street,http:homepage,2026-08-07
Temporal Spaces,Temporal Spaces,Lower East side in Manhattan,New York,http://temporalspacesart.wordpress.com,open,,artguide,144 Division Street,http:homepage,2026-08-07
Thaddaeus Ropac,,,New York,https://ropac.net/,open,,major-added,,http:homepage,2026-08-07
The 8th Floor,The 8th Floor,17 West 17th Street,New York,http://the8thfloor.org,open,,artguide,"17 West 17th Street, 8th Floor",browserbase,2026-08-07
The Active Space,,566 Johnson Avenue,New York,http://activespacestudios.com,unclear,,artguide,566 Johnson Avenue,http:homepage,2026-08-07
The Bishop Gallery,,630 Flushing Avenue,Brooklyn,http://thebishopgallery.com,open,,artguide,630 Flushing Avenue,http:homepage,2026-08-07
THE BLANC,,15 East 40th Street,New York,http://theblanc.art,open,,artguide,15 East 40th Street,http:homepage,2026-08-07
The Boiler,The Boiler,191 N. 14th St.,Brooklyn,http://theboiler191.com,open,,artguide,191 North 14th Street,http:homepage,2026-08-07
The Brant Foundation,The Shop,"421 East 6th Street, New York, NY 10009",New York,http://brantfoundation.org,unclear,,artguide,421 East 6th Street,http:homepage,2026-08-07
The Brick,,579 Metropolitan Avenue,Brooklyn,http://bricktheater.com/brick-aux,open,,artguide,628 Metropolitan Avenue,http:homepage,2026-08-07
The Brick,Brick Aux Studio,628 Metropolitan Ave,Brooklyn,http://bricktheater.com/brick-aux,open,,artguide,628 Metropolitan Avenue,http:homepage,2026-08-07
The Commons and Rosenberg Gallery,New York University (NYU),"34 Stuyvesant St, New York University",New York,http://steinhardt.nyu.edu/departments/art-and-art-professions/exhibitions-and-events,unclear,,artguide,"34 Stuyvesant St, New York University",http:homepage,2026-08-07
The Cubiculo,,1370 72nd Street,New York,http://instagram.com/thecubiculo,unclear,,artguide,1370 72nd Street,browserbase,2026-08-07
The Current Selection,,521 E 14th St,New York,http://thecurrentselection.com,unclear,,artguide,521 E 14th St,http:homepage,2026-08-07
The Development Gallery,The Development Gallery,75 Leonard,New York,http://channelelster.com/art-gallery,open,,artguide,75 Leonard Street,browserbase,2026-08-07
The Empty Circle,,260 W Broadway 7G,New York,http://theemptycircle.com,unclear,,artguide,260 W Broadway 7G,browserbase,2026-08-07
The Fridge,,"11 East 78th Street, 4th Floor",New York,http://thefridge.tokyo,unclear,,artguide,"11 East 78th Street, 4th Floor",http:homepage,2026-08-07
The Gallery,The Gallery,"Suite 410, 1000 Dean Street",Brooklyn,http://thegallerythegallerythegallery.com,open,,artguide,"1000 Dean Street, Suite 410",browserbase,2026-08-07
The Gallery at W83,W83 Ministry Center,150 W 83rd St,New York,http://facebook.com/150W83,unclear,,artguide,150 W 83rd St.,browserbase,2026-08-07
The Great Hall,Annex Site,101 Astor Place,New York,http://cooper.edu/about/great-hall,open,,artguide,"7 East 7th Street, Foundation Building",http:homepage,2026-08-07
The Great Hall,Stuyvesant Fish House,21 Stuyvesant Street,New York,http://cooper.edu/about/great-hall,open,,artguide,"7 East 7th Street, Foundation Building",http:homepage,2026-08-07
The Great Hall,Residence Hall,29 Third Avenue,New York,http://cooper.edu/about/great-hall,open,,artguide,"7 East 7th Street, Foundation Building",http:homepage,2026-08-07
The Great Hall,,30 Cooper Square,New York,http://cooper.edu/about/great-hall,open,,artguide,"7 East 7th Street, Foundation Building",http:homepage,2026-08-07
The Great Hall,,41 Cooper Square,New York,http://cooper.edu/about/great-hall,open,,artguide,"7 East 7th Street, Foundation Building",http:homepage,2026-08-07
The Great Hall,The Foundation Building,7 East 7th Street,New York,http://cooper.edu/about/great-hall,open,,artguide,"7 East 7th Street, Foundation Building",http:homepage,2026-08-07
The Grove Foundation for the Arts,,86 Walker Street,New York,http://grovefoundationforthearts.org,unclear,,artguide,86 Walker Street,browserbase,2026-08-07
The Hand,,"601 Wilson Avenue, Brooklyn, NY 11207",Brooklyn,http://thehand.space,open,,artguide,601 Wilson Ave,browserbase,2026-08-07
The Hole,Bowery,312 Bowery,New York City,https://thehole.com/,open,,major-added,,http:/about,2026-08-07
The Hole,Tribeca,86 Walker St.,New York City,https://thehole.com/,open,,major-added,,http:/about,2026-08-07
"The James Gallery, CUNY Graduate Center",,"365 Fifth Avenue, CUNY Graduate Center",New York,http://centerforthehumanities.org/james-gallery,unclear,,artguide,"365 Fifth Avenue, CUNY Graduate Center",browserbase,2026-08-07
The Java Project,,252 Java Street,New York,http://thejavaproj.com,unclear,,artguide,252 Java Street,browserbase,2026-08-07
The Journal Gallery,New York,45 White Street,New York,http://thejournalgallery.com,open,,artguide,45 White Street,http:/contact,2026-08-07
The Kitchen,The Kitchen at Westbeth,"Westbeth Artists Housing, I Building 163B Bank Street, 4th Floor Loft",New York,http://thekitchen.org,open,,artguide,"163B Bank Street, 4th Floor Loft",http:/visit,2026-08-07
The Korea Society,,"350 Madison, 24th Floor",New York,http://koreasociety.org,open,,artguide,"350 Madison Avenue, 24th Floor",http:homepage,2026-08-07
The LeRoy Neiman Gallery,Columbia University School of the Arts,"310 Dodge Hall (Columbia University), 2960 Broadway",New York,http://arts.columbia.edu/leroy-neiman-gallery,unclear,,artguide,"310 Dodge Hall (Columbia University), 2960 Broadway",browserbase,2026-08-07
"The Lesbian, Gay, Bisexual, and Transgender Community Center (The Center)",,208 W 13 St,New York,http://gaycenter.org,open,,artguide,208 West 13th Street,http:homepage,2026-08-07
The Meeting,,"West Village. To schedule a visit, please email bill@billcournoyer.com",New York,http://billcournoyer.com,unclear,,artguide,"West Village. To schedule a visit, please email bill@billcournoyer.com",http:/about,2026-08-07
The Opening Gallery,SoHo Loft Project,115 Wooster Street,New York,http://theopeninggallery.com,open,,artguide,41 Division Street,browserbase,2026-08-07
The Opening Gallery,Atelier Jolie,57 Great Jones Street,New York,http://theopeninggallery.com,open,,artguide,41 Division Street,browserbase,2026-08-07
THE POEM,,Visits by appointment,New York,http://thepoem.gallery,unclear,,artguide,Visits by appointment,browserbase,2026-08-07
The Rubelle and Norman Schafler Gallery,Manhattan Campus,144 West 14th Street,"New York, NY 10011",http://pratt.edu,open,,artguide,200 Willoughby Avenue,http:homepage,2026-08-07
The Rubelle and Norman Schafler Gallery,Brooklyn Campus,200 Willoughby Avenue,"Brooklyn, NY 11205",http://pratt.edu,open,,artguide,200 Willoughby Avenue,http:homepage,2026-08-07
The Shirley Project Space,The Shirley Project Space,609 Washington Avenue,Brooklyn,http://theshirleyprojectspace.com,open,,artguide,609 Washington Avenue,browserbase,2026-08-07
The Slip,The Slip,25 Peck Slip,New York,http://theslip.co,open,,artguide,25 Peck Slip,http:homepage,2026-08-07
The Women’s Darkroom + Gallery,The Women's Darkroom + Gallery,"36 Waverly Avenue, #403",Brooklyn,http://thewomensdarkroom.com,open,,artguide,"36 Waverly Avenue, #403",http:homepage,2026-08-07
Theta,,"184 Franklin Street, Lower Level",New York,http://theta.nyc,open,,artguide,"184 Franklin Street, Lower Level",browserbase,2026-08-07
Thomas Erben Gallery,,"526 West 26th Street, floor 4",New York,http://thomaserben.com,open,,artguide,"526 West 26th Street, 4th Floor",http:homepage,2026-08-07
THOMAS NICKLES PROJECT,,47 Orchard Street,New York,http://thomasnickles.com,unclear,,artguide,47 Orchard Street,http:/contact,2026-08-07
Thomas VanDyke Gallery,,434 39th Street,New York,http://thomasvandyke.com,unclear,,artguide,434 39th Street,browserbase,2026-08-07
Throckmorton Fine Art,Throckmorton Fine Art Gallery New York,"145 East 57th Street, 3rd FL.",New York,http://throckmorton-nyc.com,open,,artguide,145 East 57th Street 3rd Floor,http:homepage,2026-08-07
Tibor de Nagy,Tibor de Nagy Gallery,11 Rivington St,New York,https://www.tibordenagy.com/,open,,major-added,,browserbase,2026-08-07
Tilton Gallery,,8 East 76 Street,New York,http://jacktiltongallery.com,open,,artguide,8 East 76th Street,browserbase,2026-08-07
times,,"151 Lafayette Street, 4th Floor",New York,http://timesny.org,unclear,,artguide,"151 Lafayette Street, 4th Floor",browserbase,2026-08-07
Times Square Arts,,1560 Broadway,New York,http://tsq.org/arts,unclear,,artguide,1560 Broadway,http:homepage,2026-08-07
Times Square Space,,1500 Broadway Ground Floor,New York,http://instagram.com/timessquarespace,unclear,,artguide,1500 Broadway Ground Floor,browserbase,2026-08-07
Tina Kim Gallery,,"525 West 21st Street, New York, NY 10011",New York,http://tinakimgallery.com,open,,artguide,525 West 21st Street,http:homepage,2026-08-07
Toby,,15-68 Summerfield Street,New York,http://instagram.com/toby78___,unclear,,artguide,15-68 Summerfield Street,browserbase,2026-08-07
Tomato Mouse,,301 Saratoga Ave,New York,http://tomatomouse.org,unclear,,artguide,301 Saratoga Ave,browserbase,2026-08-07
Tommaso Calabro,New York,545 W 23rd Street,New York,http://tommasocalabro.com/en,open,,artguide,545 W 23rd Street,browserbase,2026-08-07
"TOPAZ ARTS, Inc.",,55-03 39th Avenue,New York,http://topazarts.org,open,,artguide,55-03 39th Avenue,http:homepage,2026-08-07
Triangle Arts Association,,"20 Jay Street, Suite #318",New York,http://triangle-arts-association.org,unclear,,artguide,"20 Jay Street, Suite #318",browserbase,2026-08-07
TURN Gallery,,"32 East 68th Street, 2nd Floor",New York,http://turngallerynyc.com,unclear,,artguide,"32 East 68th Street, 2nd Floor",http:homepage,2026-08-07
Tutu Gallery,,contact gallery for address,New York,http://tutugallery.art,unclear,,artguide,contact gallery for address,http:/about,2026-08-07
Twenty First Gallery,,"76 Franklin Street, New York, NY 10013",New York,http://21stgallery.com,open,,artguide,76 Franklin Street,http:homepage,2026-08-07
Two Palms,Showroom,"38 Crosby Street, 3rd floor",New York,http://twopalms.us,open,,artguide,"38 Crosby Street, 3rd Floor",http:/about,2026-08-07
Two Palms,Mail & delivery,476 Broadway 3rd Floor,New York,http://twopalms.us,open,,artguide,"38 Crosby Street, 3rd Floor",http:/about,2026-08-07
U-Haul Gallery,,Outside Independent Art Fair,New York,http://uhaulgallery.com,unclear,,artguide,Outside Independent Art Fair,browserbase,2026-08-07
UBS Art Gallery,UBS Art Gallery,1285 Avenue of the Americas,New York,http://ubs.com/art,open,,artguide,1285 Avenue of Americas,http:homepage,2026-08-07
Ubu Gallery,,Not provided,New York,http://ubugallery.com,open,,artguide,416 East 59th Street,http:homepage,2026-08-07
Ulrik,,"175 Canal Street, Floor 3",New York,http://ulrik.nyc,open,,artguide,"175 Canal Street, 3rd Floor",browserbase,2026-08-07
Ulterior Gallery,,172 Attorney Street,"New York, NY 10002",http://ulteriorgallery.com,open,,artguide,"424 Broadway, Suite #601",browserbase,2026-08-07
Ulterior Gallery,,"424 Broadway, #601","New York, NY 10013",http://ulteriorgallery.com,open,,artguide,"424 Broadway, Suite #601",browserbase,2026-08-07
UNIX Gallery,,507 West 27th Street,New York,http://unixgallery.com,open,,artguide,520 West 24th Street,browserbase,2026-08-07
Upsilon Gallery,New York,"23 East 67th Street, 3rd Floor",New York,http://upsilongallery.com,unclear,,artguide,"23 East 67th Street, 3rd Floor",http:homepage,2026-08-07
Van Alen Institute,,303 Bond Street,"Brooklyn, NY 11231",http://vanalen.org,open,,artguide,303 Bond Street,http:homepage,2026-08-07
Van Der Plas Gallery,,156 Orchard Street,New York,http://vanderplasgallery.com,open,,artguide,156 Orchard Street,http:/about,2026-08-07
Van Doren Waxter,,23 East 73rd Street,New York,https://vandorenwaxter.com/,open,,major-added,,http:homepage,2026-08-07
Various / Artists,,19 Essex Street,New York,http://variousartistsrecords.com,open,,artguide,19 Essex Street,http:homepage,2026-08-07
Victoria Munroe Fine Art,,67 E 80th Street #2,New York,http://victoriamunroefineart.com,open,,artguide,"67 East 80th Street, Suite #2",browserbase,2026-08-07
Viridian Artists,,"548 West 28th Street, Suite #632","New York, NY 10001",http://viridianartists.com,open,,artguide,"548 West 28th Street, Suite #632, 6th Floor",browserbase,2026-08-07
Vito Schnabel Gallery,VITO SCHNABEL GALLERY,455 West 19th Street,New York,http://vitoschnabel.com,unclear,,artguide,455 West 19th Street,browserbase,2026-08-07
Voltz Clarke Gallery,Voltz Clarke Gallery,195 Chrystie Street,"New York, NY 10002",http://voltzclarke.com,open,,artguide,195 Chrystie Street,browserbase,2026-08-07
Warnes Contemporary,,"52 2nd Ave, Suite 40","Brooklyn, NY 11215",http://warnescontemporary.com,open,,artguide,"52 2nd Avenue, Suite 40",browserbase,2026-08-07
Washburn Gallery,,177 Tenth Avenue,New York,http://washburngallery.com,unclear,,artguide,177 Tenth Avenue,browserbase,2026-08-07
Waterfall Mansion & Gallery,Private viewing room,57th Street,New York,http://waterfall-gallery.com,closed,"As of January 2024, Waterfall bids farewell to its cherished Upper East Side location. The decision to close our physical location was not made lightly.",artguide,Appointment Only,browserbase,2026-08-07
Welancora Gallery,Welancora Gallery,33 Herkimer Street,"Brooklyn, New York",http://welancoragallery.com,open,,artguide,33 Herkimer Street,http:homepage,2026-08-07
Welancora Gallery,Ivy's Projects,410 Jefferson Avenue,"Brooklyn, New York",http://welancoragallery.com,open,,artguide,33 Herkimer Street,http:homepage,2026-08-07
Westbeth Gallery,,55 Bethune Street,New York,http://westbeth.org,unclear,,artguide,55 Bethune Street,http:homepage,2026-08-07
White Columns,,"91 Horatio Street, New York, NY 10014",New York,http://whitecolumns.org,open,,artguide,91 Horatio Street,http:homepage,2026-08-07
White Cube,New York,1002 Madison Avenue,New York,https://www.whitecube.com/,open,,major-added,,http:homepage,2026-08-07
WhiteBox,LES 9 Ave B,9 Ave B,New York,http://whiteboxny.org,open,,artguide,9 Avenue B,http:/about,2026-08-07
WhiteBox,LES-Broome St,Broome St,New York,http://whiteboxny.org,open,,artguide,9 Avenue B,http:/about,2026-08-07
Will Shott,,17 Pike Street,New York,http://willshott.com,unclear,,artguide,17 Pike Street,browserbase,2026-08-07
WINDOW,ANTON KERN GALLERY,16 East 55th Street,"New York, NY",http://antonkerngallery.com,open,,artguide,91 Walker Street,http:homepage,2026-08-07
WINDOW,WINDOW,91 Walker Street (corner of Walker and Lafayette Street),"New York, NY",http://antonkerngallery.com,open,,artguide,91 Walker Street,http:homepage,2026-08-07
Wolf Hill,,"380 Broadway, 4th Fl.",New York,http://wolfhillny.com,unclear,,artguide,"380 Broadway, 4th Fl.",browserbase,2026-08-07
Wook + Lattuada Gallery,,"9 East 53rd Street, 3rd Floor",New York,http://9 East 53rd Street,unclear,,artguide,"9 East 53rd Street, 3rd Floor",browserbase-failed,2026-08-07
Wschód,New York,136 Orchard Street,New York,http://galeriawschod.com,unclear,,artguide,136 Orchard Street,browserbase,2026-08-07
Xavier Hufkens,,,New York,https://www.xavierhufkens.com/,unclear,,major-added,,http:homepage,2026-08-07
Yancey Richardson Gallery,Yancey Richardson Gallery,525 West 22nd Street,"New York, NY",https://www.yanceyrichardson.com/,open,,major-added,,http:/contact,2026-08-07
Yares Art,New York,"745 Fifth Avenue, 4th Floor",New York,http://yaresart.com,open,,artguide,"745 Fifth Avenue, 4th Floor",http:/contact,2026-08-07
Yeh Art Gallery,Yeh Art Gallery,"Sun Yat Sen Memorial Hall, St. John's University, 8000 Utopia Parkway","Jamaica, New York",http://sjuartgallery.org,open,,artguide,"St. John's University, 8000 Utopia Parkway",browserbase,2026-08-07
YI GALLERY,,"254 36th Street, Suite B634, Building 2, Industry City",New York,http://gallery-yi.com,closed,"gallery-yi.com has expired and is parked free, courtesy of GoDaddy.com.",artguide,"254 36th Street, Suite B634, Building 2, Industry City",browserbase,2026-08-07
Yoshii Gallery,,933 Madison Avenue,New York,http://yoshiigallery.com,unclear,,artguide,933 Madison Avenue,browserbase,2026-08-07
Yossi Milo,,,New York,https://yossimilo.com/,unclear,,major-added,,http:homepage,2026-08-07
ZAZ10TS,ZAZ10TS,10 Times Square,New York,http://zaz10ts.com,open,,artguide,10 Times Square,http:homepage,2026-08-07
ZAZ10TS,,1410 Broadway,New York,http://zaz10ts.com,open,,artguide,10 Times Square,http:homepage,2026-08-07
Zepster Gallery,,220 Bogart Street,New York,http://zepstergallery.com,unclear,,artguide,220 Bogart Street,browserbase,2026-08-07
Zürcher Gallery,"ZÜRCHER GALLERY, NEW YORK",33 Bleecker Street,New York,http://galeriezurcher.com,open,,artguide,33 Bleecker Street,http:/contact,2026-08-07
